Has;Prefers;Count
"""360""";"""204""";1000347
"""112""";"""51""";1000400
"""242""";"""90""";1000514
"""842""";"""288""";1001973
"""440""";"""100""";1002143
"""442""";"""579""";1002154
"""372""";"""608""";1004402
"""300""";"""233""";1006988
"""616""";"""620""";1007778
"""276""";"""512""";1008036
"""36""";"""381""";1009608
"""826""";"""807""";1011513
"""757""";"""554""";1012490
"""376""";"""344""";1015000
"""616""";"""470""";1015169
"""586""";"""887""";1016708
"""642""";"""682""";1018180
"""702""";"""586""";1019345
"""100""";"""246""";1019822
"""616""";"""70""";1020733
"""112""";"""381""";1020800
"""826""";"""52""";1022701
"""480""";"""410""";1023319
"""246""";"""36""";1023848
"""48""";"""414""";1025501
"""757""";"""704""";1025786
"""586""";"""434""";1025873
"""608""";"""203""";1029320
"""842""";"""100""";1029386
"""608""";"""757""";1030258
"""300""";"""348""";1030958
"""699""";"""218""";1032859
"""348""";"""208""";1035815
"""704""";"""12""";1037482
"""528""";"""504""";1039795
"""604""";"""757""";1040048
"""381""";"""144""";1042145
"""834""";"""826""";1043061
"""251""";"""562""";1043523
"""842""";"""144""";1043830
"""484""";"""608""";1044776
"""442""";"""344""";1045386
"""724""";"""480""";1046087
"""554""";"""702""";1047215
"""56""";"""120""";1050322
"""724""";"""120""";1050938
"""764""";"""191""";1051502
"""428""";"""392""";1052622
"""222""";"""56""";1054338
"""124""";"""702""";1056344
"""410""";"""340""";1058180
"""381""";"""60""";1058261
"""826""";"""4""";1058850
"""764""";"""729""";1064416
"""144""";"""320""";1065027
"""251""";"""262""";1065646
"""144""";"""858""";1068963
"""276""";"""858""";1070158
"""842""";"""512""";1071146
"""842""";"""191""";1071500
"""842""";"""659""";1073018
"""381""";"""320""";1074676
"""268""";"""4""";1078408
"""608""";"""376""";1079782
"""764""";"""120""";1081142
"""699""";"""72""";1081158
"""807""";"""428""";1082204
"""242""";"""826""";1082275
"""699""";"""454""";1083374
"""8""";"""251""";1084103
"""320""";"""422""";1084540
"""757""";"""591""";1085444
"""643""";"""699""";1085827
"""320""";"""826""";1087709
"""344""";"""218""";1087950
"""381""";"""188""";1089476
"""450""";"""246""";1089745
"""251""";"""858""";1090117
"""344""";"""266""";1090212
"""188""";"""340""";1090911
"""792""";"""478""";1091605
"""752""";"""804""";1095303
"""276""";"""8""";1097500
"""422""";"""826""";1099316
"""826""";"""50""";1099711
"""757""";"""710""";1100394
"""372""";"""643""";1101220
"""442""";"""682""";1102605
"""360""";"""705""";1104413
"""682""";"""404""";1110577
"""826""";"""688""";1111343
"""616""";"""484""";1111830
"""788""";"""208""";1112396
"""70""";"""674""";1114913
"""620""";"""100""";1115347
"""710""";"""276""";1115391
"""616""";"""300""";1115996
"""702""";"""144""";1119491
"""642""";"""705""";1119903
"""528""";"""568""";1120862
"""392""";"""608""";1121030
"""124""";"""372""";1121480
"""699""";"""226""";1121632
"""458""";"""222""";1121638
"""246""";"""703""";1122927
"""360""";"""24""";1122990
"""818""";"""484""";1123469
"""608""";"""804""";1124707
"""300""";"""124""";1125768
"""344""";"""586""";1126137
"""76""";"""124""";1126709
"""788""";"""470""";1127598
"""688""";"""608""";1128186
"""528""";"""414""";1128823
"""208""";"""702""";1129582
"""376""";"""40""";1132000
"""360""";"""242""";1132698
"""554""";"""156""";1132867
"""620""";"""196""";1134584
"""404""";"""894""";1136466
"""458""";"""268""";1136968
"""792""";"""608""";1137552
"""360""";"""540""";1138589
"""484""";"""862""";1139121
"""704""";"""233""";1139404
"""170""";"""36""";1140177
"""32""";"""484""";1140901
"""586""";"""348""";1140969
"""458""";"""24""";1141262
"""40""";"""414""";1142243
"""70""";"""56""";1142530
"""480""";"""716""";1143188
"""170""";"""533""";1146358
"""807""";"""191""";1146372
"""458""";"""233""";1147070
"""400""";"""724""";1147928
"""56""";"""24""";1148407
"""705""";"""246""";1148720
"""100""";"""268""";1150086
"""56""";"""144""";1152036
"""616""";"""899""";1152142
"""152""";"""724""";1154761
"""484""";"""490""";1157759
"""276""";"""674""";1159329
"""300""";"""837""";1159822
"""218""";"""251""";1159949
"""842""";"""233""";1160228
"""440""";"""352""";1160395
"""222""";"""36""";1161610
"""40""";"""484""";1162845
"""705""";"""579""";1163378
"""251""";"""214""";1165296
"""458""";"""600""";1166005
"""818""";"""579""";1166083
"""724""";"""50""";1167753
"""699""";"""214""";1168544
"""214""";"""528""";1169909
"""116""";"""246""";1169971
"""524""";"""784""";1171070
"""40""";"""76""";1171348
"""410""";"""51""";1171558
"""428""";"""398""";1171589
"""604""";"""192""";1172926
"""480""";"""620""";1173504
"""764""";"""540""";1176541
"""842""";"""92""";1178226
"""56""";"""266""";1178645
"""36""";"""520""";1180228
"""788""";"""76""";1181229
"""458""";"""716""";1182265
"""608""";"""699""";1182810
"""344""";"""188""";1182948
"""251""";"""316""";1186126
"""300""";"""246""";1188277
"""484""";"""251""";1189241
"""203""";"""268""";1189717
"""442""";"""372""";1191539
"""558""";"""156""";1191972
"""196""";"""381""";1192260
"""703""";"""784""";1195179
"""554""";"""784""";1196364
"""524""";"""528""";1196386
"""480""";"""392""";1197645
"""788""";"""156""";1198286
"""32""";"""392""";1199181
"""804""";"""124""";1199257
"""826""";"""894""";1199654
"""484""";"""360""";1200315
"""807""";"""688""";1201295
"""36""";"""242""";1201517
"""688""";"""246""";1202231
"""504""";"""384""";1203803
"""442""";"""348""";1205174
"""51""";"""643""";1206499
"""554""";"""242""";1207432
"""422""";"""757""";1207447
"""804""";"""842""";1208018
"""702""";"""376""";1208336
"""554""";"""410""";1208505
"""710""";"""156""";1208829
"""152""";"""76""";1209537
"""344""";"""178""";1209595
"""56""";"""699""";1212864
"""842""";"""796""";1212948
"""458""";"""48""";1214148
"""251""";"""534""";1215388
"""56""";"""686""";1215968
"""458""";"""634""";1216272
"""608""";"""604""";1216966
"""156""";"""270""";1219550
"""512""";"""634""";1220117
"""682""";"""608""";1220914
"""156""";"""258""";1225523
"""116""";"""858""";1225611
"""586""";"""858""";1226270
"""124""";"""442""";1226692
"""208""";"""191""";1226757
"""699""";"""688""";1227229
"""484""";"""96""";1228833
"""616""";"""762""";1228905
"""40""";"""710""";1232904
"""268""";"""398""";1234605
"""348""";"""392""";1236366
"""764""";"""686""";1238982
"""76""";"""591""";1252001
"""170""";"""276""";1252006
"""842""";"""442""";1253193
"""56""";"""112""";1257009
"""218""";"""591""";1257013
"""344""";"""96""";1257693
"""842""";"""120""";1257712
"""40""";"""233""";1259308
"""156""";"""694""";1260140
"""48""";"""124""";1260254
"""528""";"""31""";1262314
"""818""";"""36""";1265647
"""276""";"""446""";1268175
"""702""";"""724""";1269969
"""442""";"""784""";1270451
"""818""";"""512""";1271575
"""528""";"""490""";1271785
"""704""";"""400""";1274970
"""579""";"""251""";1282921
"""40""";"""434""";1286258
"""752""";"""710""";1288781
"""381""";"""288""";1293614
"""36""";"""162""";1293666
"""705""";"""826""";1294291
"""764""";"""642""";1296423
"""834""";"""800""";1300845
"""724""";"""533""";1300905
"""410""";"""368""";1302117
"""376""";"""251""";1303000
"""752""";"""376""";1304444
"""579""";"""56""";1305143
"""642""";"""376""";1306462
"""203""";"""398""";1308707
"""688""";"""826""";1310578
"""586""";"""48""";1314099
"""410""";"""348""";1314389
"""344""";"""598""";1316625
"""76""";"""188""";1316822
"""528""";"""699""";1317245
"""858""";"""842""";1318434
"""40""";"""446""";1320055
"""710""";"""800""";1320275
"""702""";"""504""";1322623
"""757""";"""705""";1325258
"""246""";"""724""";1328481
"""376""";"""56""";1329000
"""191""";"""400""";1330384
"""807""";"""642""";1330542
"""458""";"""454""";1331713
"""428""";"""196""";1332312
"""608""";"""752""";1332618
"""842""";"""28""";1334556
"""764""";"""398""";1339223
"""524""";"""757""";1340216
"""818""";"""422""";1340464
"""251""";"""32""";1340749
"""458""";"""100""";1342578
"""40""";"""31""";1343479
"""757""";"""764""";1351435
"""203""";"""458""";1352979
"""404""";"""646""";1353037
"""842""";"""800""";1354445
"""56""";"""398""";1358753
"""504""";"""156""";1360250
"""191""";"""757""";1361949
"""124""";"""76""";1364676
"""360""";"""440""";1365213
"""792""";"""862""";1367631
"""398""";"""804""";1370214
"""498""";"""674""";1370822
"""124""";"""376""";1372127
"""344""";"""434""";1373088
"""422""";"""842""";1373568
"""32""";"""862""";1375657
"""764""";"""348""";1377324
"""124""";"""634""";1379403
"""422""";"""368""";1379511
"""360""";"""858""";1380072
"""764""";"""531""";1381748
"""496""";"""643""";1386609
"""156""";"""728""";1388872
"""682""";"""706""";1392144
"""699""";"""533""";1392695
"""124""";"""246""";1392767
"""40""";"""112""";1393709
"""724""";"""24""";1394230
"""894""";"""404""";1396085
"""222""";"""392""";1396177
"""643""";"""899""";1398725
"""788""";"""191""";1398764
"""498""";"""251""";1400412
"""156""";"""52""";1402081
"""372""";"""246""";1402435
"""398""";"""792""";1403374
"""203""";"""12""";1403996
"""410""";"""699""";1409568
"""144""";"""566""";1409708
"""496""";"""381""";1409951
"""36""";"""251""";1413023
"""699""";"""328""";1414165
"""807""";"""842""";1414911
"""381""";"""577""";1415046
"""757""";"""703""";1415060
"""56""";"""384""";1415762
"""156""";"""70""";1420488
"""320""";"""76""";1421987
"""826""";"""404""";1422081
"""528""";"""862""";1422414
"""616""";"""702""";1423429
"""458""";"""384""";1423758
"""410""";"""804""";1424141
"""410""";"""554""";1426587
"""76""";"""508""";1427523
"""764""";"""196""";1427792
"""410""";"""434""";1428603
"""70""";"""752""";1429201
"""156""";"""540""";1431020
"""112""";"""251""";1432500
"""458""";"""729""";1439770
"""442""";"""376""";1440209
"""410""";"""203""";1440320
"""764""";"""242""";1440323
"""620""";"""203""";1440823
"""764""";"""384""";1442640
"""643""";"""795""";1443678
"""203""";"""112""";1446654
"""757""";"""398""";1449395
"""56""";"""484""";1449436
"""642""";"""156""";1450019
"""381""";"""404""";1451057
"""470""";"""826""";1451546
"""344""";"""470""";1451901
"""724""";"""586""";1454136
"""348""";"""807""";1455814
"""818""";"""410""";1456931
"""682""";"""12""";1458428
"""528""";"""591""";1459822
"""842""";"""620""";1460571
"""381""";"""178""";1461762
"""124""";"""208""";1464095
"""410""";"""524""";1464894
"""344""";"""688""";1465043
"""608""";"""208""";1469403
"""233""";"""208""";1470373
"""757""";"""360""";1473380
"""504""";"""616""";1473751
"""410""";"""332""";1473998
"""410""";"""144""";1475784
"""705""";"""807""";1483170
"""586""";"""440""";1484455
"""604""";"""600""";1484614
"""400""";"""368""";1486771
"""404""";"""688""";1494856
"""458""";"""368""";1496822
"""100""";"""498""";1497621
"""208""";"""344""";1497713
"""300""";"""398""";1501418
"""100""";"""392""";1501683
"""422""";"""792""";1504993
"""222""";"""276""";1507058
"""480""";"""208""";1508506
"""116""";"""170""";1511137
"""251""";"""112""";1511349
"""616""";"""36""";1511375
"""842""";"""434""";1512881
"""300""";"""414""";1516008
"""458""";"""196""";1517247
"""372""";"""208""";1521366
"""428""";"""56""";1521389
"""276""";"""417""";1521923
"""643""";"""842""";1523932
"""528""";"""704""";1524593
"""558""";"""188""";1525604
"""276""";"""586""";1527981
"""300""";"""422""";1528203
"""858""";"""152""";1532506
"""360""";"""531""";1532703
"""757""";"""348""";1535001
"""643""";"""440""";1540262
"""586""";"""428""";1541770
"""528""";"""112""";1542200
"""752""";"""705""";1543835
"""191""";"""826""";1544459
"""579""";"""381""";1545864
"""458""";"""854""";1552349
"""276""";"""214""";1556142
"""360""";"""586""";1561773
"""344""";"""450""";1563054
"""276""";"""218""";1563503
"""703""";"""100""";1566658
"""586""";"""170""";1568576
"""381""";"""686""";1568657
"""422""";"""24""";1574823
"""381""";"""68""";1575487
"""156""";"""562""";1576913
"""586""";"""604""";1577538
"""251""";"""226""";1577637
"""764""";"""450""";1578237
"""484""";"""218""";1578461
"""702""";"""591""";1584093
"""422""";"""381""";1584186
"""604""";"""702""";1588042
"""818""";"""887""";1589137
"""458""";"""887""";1589815
"""360""";"""348""";1589973
"""524""";"""36""";1591236
"""450""";"""620""";1594505
"""616""";"""31""";1595246
"""124""";"""170""";1596650
"""208""";"""398""";1597367
"""702""";"""710""";1597616
"""498""";"""724""";1600495
"""788""";"""484""";1602682
"""100""";"""705""";1604225
"""320""";"""591""";1606202
"""300""";"""156""";1606420
"""36""";"""360""";1610807
"""792""";"""586""";1612614
"""442""";"""203""";1613251
"""32""";"""170""";1615414
"""724""";"""368""";1615608
"""512""";"""784""";1618978
"""458""";"""834""";1619803
"""586""";"""764""";1620154
"""752""";"""784""";1620305
"""203""";"""392""";1621952
"""724""";"""768""";1622929
"""620""";"""703""";1623334
"""699""";"""440""";1625969
"""764""";"""50""";1627153
"""586""";"""32""";1628819
"""348""";"""124""";1628920
"""818""";"""76""";1629784
"""300""";"""682""";1633386
"""643""";"""417""";1636712
"""604""";"""340""";1639235
"""100""";"""784""";1647287
"""643""";"""862""";1648002
"""682""";"""434""";1648788
"""170""";"""56""";1657110
"""480""";"""690""";1657474
"""484""";"""458""";1661152
"""344""";"""566""";1661454
"""788""";"""36""";1665052
"""100""";"""807""";1670240
"""428""";"""842""";1670590
"""251""";"""566""";1671798
"""56""";"""764""";1674365
"""842""";"""226""";1676832
"""116""";"""554""";1677882
"""826""";"""604""";1680147
"""458""";"""348""";1681061
"""144""";"""348""";1681859
"""834""";"""404""";1682039
"""400""";"""434""";1685213
"""360""";"""96""";1685294
"""36""";"""784""";1685518
"""704""";"""418""";1686974
"""251""";"""204""";1690020
"""156""";"""226""";1692334
"""360""";"""862""";1693657
"""496""";"""276""";1696053
"""702""";"""104""";1696429
"""360""";"""422""";1697049
"""203""";"""688""";1697755
"""170""";"""222""";1697965
"""508""";"""710""";1698130
"""792""";"""120""";1699293
"""643""";"""268""";1700830
"""68""";"""842""";1701848
"""48""";"""784""";1703669
"""579""";"""757""";1713564
"""682""";"""231""";1718115
"""100""";"""579""";1719044
"""826""";"""60""";1719770
"""392""";"""752""";1720258
"""344""";"""352""";1722584
"""699""";"""740""";1723297
"""818""";"""368""";1729047
"""586""";"""804""";1731151
"""144""";"""233""";1731426
"""251""";"""768""";1732299
"""642""";"""410""";1732330
"""40""";"""440""";1733161
"""579""";"""124""";1733745
"""56""";"""554""";1735063
"""100""";"""196""";1735238
"""496""";"""392""";1739026
"""376""";"""36""";1741000
"""410""";"""152""";1741173
"""620""";"""642""";1742496
"""20""";"""251""";1742534
"""688""";"""208""";1742712
"""208""";"""682""";1744924
"""156""";"""548""";1747726
"""528""";"""484""";1747913
"""764""";"""858""";1748825
"""68""";"""600""";1752389
"""76""";"""218""";1756377
"""70""";"""688""";1757119
"""699""";"""899""";1757301
"""410""";"""288""";1758293
"""376""";"""410""";1762000
"""36""";"""124""";1762522
"""246""";"""203""";1763678
"""792""";"""834""";1764206
"""484""";"""410""";1766367
"""699""";"""196""";1767622
"""608""";"""170""";1769817
"""360""";"""170""";1771062
"""616""";"""376""";1771896
"""642""";"""233""";1777564
"""251""";"""860""";1781999
"""144""";"""170""";1786892
"""116""";"""699""";1787391
"""643""";"""752""";1790587
"""376""";"""818""";1791000
"""246""";"""344""";1791233
"""392""";"""76""";1793554
"""818""";"""12""";1795594
"""276""";"""566""";1796772
"""688""";"""752""";1799758
"""458""";"""288""";1801262
"""276""";"""364""";1801358
"""400""";"""784""";1802755
"""704""";"""504""";1802776
"""400""";"""682""";1807819
"""643""";"""616""";1810590
"""458""";"""320""";1810640
"""450""";"""757""";1810981
"""616""";"""498""";1811820
"""842""";"""740""";1814025
"""804""";"""724""";1819103
"""56""";"""76""";1820628
"""40""";"""372""";1824148
"""480""";"""344""";1824693
"""504""";"""348""";1826295
"""203""";"""434""";1829426
"""586""";"""818""";1830016
"""76""";"""484""";1830940
"""643""";"""784""";1833962
"""404""";"""124""";1836938
"""818""";"""208""";1841824
"""788""";"""591""";1845247
"""40""";"""428""";1848333
"""528""";"""788""";1848980
"""100""";"""156""";1857137
"""807""";"""703""";1872420
"""752""";"""703""";1875205
"""191""";"""642""";1875206
"""410""";"""792""";1876479
"""586""";"""512""";1878184
"""156""";"""854""";1885579
"""616""";"""688""";1886581
"""842""";"""586""";1886953
"""112""";"""246""";1887500
"""208""";"""764""";1894889
"""191""";"""784""";1898128
"""360""";"""686""";1900612
"""152""";"""170""";1903231
"""422""";"""434""";1904716
"""56""";"""12""";1905251
"""428""";"""616""";1907835
"""480""";"""156""";1911724
"""764""";"""512""";1914815
"""344""";"""191""";1915114
"""144""";"""620""";1915320
"""276""";"""32""";1915887
"""579""";"""826""";1919790
"""360""";"""188""";1924322
"""376""";"""757""";1932000
"""208""";"""442""";1938886
"""484""";"""558""";1939854
"""428""";"""724""";1940468
"""96""";"""842""";1948134
"""404""";"""180""";1951612
"""528""";"""740""";1952999
"""381""";"""218""";1953489
"""826""";"""144""";1954024
"""757""";"""442""";1957594
"""764""";"""524""";1957831
"""842""";"""440""";1960568
"""818""";"""344""";1961811
"""724""";"""686""";1963108
"""757""";"""446""";1968287
"""100""";"""440""";1971038
"""344""";"""398""";1978745
"""620""";"""705""";1985756
"""76""";"""862""";1987104
"""422""";"""818""";1988404
"""56""";"""376""";1992361
"""360""";"""404""";1994351
"""480""";"""40""";1996941
"""788""";"""392""";2000043
"""208""";"""818""";2000417
"""818""";"""376""";2004522
"""360""";"""768""";2005632
"""203""";"""414""";2009047
"""608""";"""682""";2009253
"""381""";"""44""";2009532
"""504""";"""682""";2013502
"""702""";"""40""";2015240
"""826""";"""24""";2023123
"""757""";"""414""";2027463
"""381""";"""586""";2028533
"""251""";"""899""";2029019
"""344""";"""104""";2031748
"""699""";"""408""";2033768
"""251""";"""148""";2035563
"""480""";"""724""";2036782
"""191""";"""100""";2039416
"""251""";"""352""";2039568
"""124""";"""414""";2039784
"""56""";"""470""";2042687
"""208""";"""410""";2042984
"""360""";"""626""";2043347
"""251""";"""478""";2044601
"""702""";"""246""";2044647
"""788""";"""410""";2044836
"""124""";"""304""";2054975
"""826""";"""780""";2062280
"""807""";"""616""";2064194
"""191""";"""528""";2064974
"""608""";"""32""";2069842
"""764""";"""634""";2078663
"""643""";"""31""";2083780
"""764""";"""862""";2084239
"""586""";"""490""";2087867
"""818""";"""634""";2094905
"""604""";"""858""";2098997
"""620""";"""414""";2100244
"""410""";"""208""";2105775
"""56""";"""490""";2106680
"""792""";"""686""";2107666
"""757""";"""458""";2108293
"""36""";"""540""";2108822
"""842""";"""531""";2110232
"""414""";"""682""";2110326
"""524""";"""724""";2112469
"""558""";"""484""";2114372
"""124""";"""591""";2118060
"""705""";"""440""";2118701
"""484""";"""214""";2127504
"""428""";"""372""";2127708
"""842""";"""68""";2130345
"""554""";"""392""";2132896
"""36""";"""764""";2144417
"""56""";"""352""";2156675
"""792""";"""178""";2157391
"""40""";"""807""";2157736
"""40""";"""398""";2159497
"""826""";"""498""";2160079
"""528""";"""180""";2160212
"""222""";"""591""";2160527
"""56""";"""504""";2163559
"""764""";"""316""";2174323
"""276""";"""368""";2178429
"""392""";"""724""";2184032
"""276""";"""604""";2186816
"""344""";"""48""";2190053
"""818""";"""400""";2191408
"""100""";"""372""";2194356
"""792""";"""170""";2195386
"""842""";"""428""";2196375
"""20""";"""724""";2197020
"""381""";"""192""";2197112
"""818""";"""300""";2198065
"""344""";"""642""";2198527
"""360""";"""598""";2203924
"""191""";"""682""";2204747
"""792""";"""512""";2204751
"""716""";"""710""";2208319
"""440""";"""724""";2212260
"""826""";"""704""";2215192
"""604""";"""410""";2215233
"""276""";"""92""";2215726
"""208""";"""688""";2218923
"""703""";"""372""";2221587
"""792""";"""554""";2222101
"""170""";"""381""";2222717
"""752""";"""702""";2223620
"""188""";"""124""";2228149
"""246""";"""56""";2229174
"""40""";"""682""";2229616
"""246""";"""804""";2230445
"""710""";"""36""";2232600
"""116""";"""804""";2233712
"""512""";"""682""";2234746
"""858""";"""484""";2235448
"""124""";"""490""";2240231
"""704""";"""642""";2246072
"""156""";"""112""";2249560
"""156""";"""84""";2253370
"""484""";"""858""";2254459
"""688""";"""112""";2255809
"""710""";"""454""";2260219
"""586""";"""591""";2260280
"""792""";"""499""";2272070
"""699""";"""112""";2273907
"""699""";"""788""";2279337
"""320""";"""381""";2280417
"""381""";"""24""";2282206
"""764""";"""422""";2284669
"""688""";"""757""";2288587
"""699""";"""174""";2291183
"""528""";"""152""";2293673
"""705""";"""203""";2301391
"""422""";"""400""";2305344
"""752""";"""764""";2306386
"""414""";"""634""";2310881
"""616""";"""156""";2317600
"""32""";"""604""";2330053
"""579""";"""352""";2331410
"""276""";"""862""";2338155
"""360""";"""434""";2340034
"""586""";"""699""";2340831
"""682""";"""887""";2342816
"""300""";"""616""";2344210
"""842""";"""804""";2344584
"""360""";"""706""";2348586
"""144""";"""604""";2367458
"""208""";"""348""";2367946
"""360""";"""246""";2368034
"""144""";"""376""";2368262
"""208""";"""710""";2382904
"""699""";"""462""";2383984
"""702""";"""316""";2385708
"""800""";"""728""";2388915
"""703""";"""268""";2390548
"""144""";"""586""";2396563
"""440""";"""203""";2398468
"""36""";"""392""";2399125
"""702""";"""490""";2400182
"""699""";"""562""";2408895
"""360""";"""191""";2412597
"""208""";"""414""";2415189
"""643""";"""826""";2415826
"""144""";"""246""";2416674
"""156""";"""51""";2417784
"""218""";"""724""";2419488
"""604""";"""56""";2424259
"""76""";"""516""";2431793
"""100""";"""344""";2437017
"""688""";"""100""";2438573
"""276""";"""48""";2439417
"""702""";"""554""";2441146
"""818""";"""392""";2443397
"""156""";"""577""";2447068
"""400""";"""344""";2449616
"""276""";"""50""";2449971
"""620""";"""422""";2458246
"""56""";"""414""";2458393
"""203""";"""842""";2458979
"""36""";"""276""";2464872
"""818""";"""434""";2466412
"""764""";"""96""";2472867
"""586""";"""360""";2476121
"""616""";"""124""";2481280
"""752""";"""348""";2487426
"""608""";"""792""";2489769
"""702""";"""598""";2499056
"""268""";"""31""";2501027
"""156""";"""148""";2508712
"""724""";"""226""";2509904
"""705""";"""842""";2528712
"""757""";"""634""";2534296
"""688""";"""372""";2537339
"""682""";"""400""";2541820
"""68""";"""32""";2543067
"""792""";"""24""";2553192
"""586""";"""144""";2557492
"""528""";"""682""";2560369
"""842""";"""203""";2565272
"""498""";"""56""";2567611
"""410""";"""414""";2570107
"""208""";"""100""";2572311
"""842""";"""818""";2579201
"""112""";"""428""";2582100
"""458""";"""788""";2584136
"""124""";"""192""";2585242
"""348""";"""300""";2588844
"""792""";"""404""";2593115
"""360""";"""364""";2599663
"""251""";"""554""";2604615
"""608""";"""704""";2615272
"""842""";"""368""";2616958
"""484""";"""192""";2624632
"""218""";"""604""";2638090
"""276""";"""499""";2640610
"""757""";"""300""";2640792
"""208""";"""703""";2642559
"""218""";"""484""";2647924
"""56""";"""702""";2647995
"""344""";"""364""";2649351
"""764""";"""788""";2652156
"""56""";"""180""";2652428
"""752""";"""792""";2654033
"""826""";"""51""";2654409
"""643""";"""233""";2658530
"""826""";"""364""";2659297
"""276""";"""404""";2663765
"""218""";"""276""";2666122
"""757""";"""682""";2687574
"""300""";"""484""";2690212
"""705""";"""643""";2700845
"""484""";"""340""";2703822
"""620""";"""710""";2709626
"""705""";"""348""";2710301
"""642""";"""784""";2711046
"""222""";"""251""";2711849
"""360""";"""834""";2712549
"""705""";"""642""";2719207
"""442""";"""757""";2719706
"""818""";"""156""";2723665
"""764""";"""414""";2723960
"""372""";"""752""";2725004
"""124""";"""752""";2726471
"""705""";"""100""";2728077
"""724""";"""600""";2728309
"""788""";"""124""";2736551
"""792""";"""490""";2737030
"""620""";"""634""";2741867
"""703""";"""842""";2742795
"""620""";"""410""";2748265
"""344""";"""527""";2748629
"""442""";"""616""";2755087
"""528""";"""531""";2758138
"""699""";"""24""";2760795
"""616""";"""784""";2761244
"""764""";"""480""";2761510
"""208""";"""634""";2768538
"""152""";"""484""";2773909
"""764""";"""586""";2783012
"""752""";"""642""";2784554
"""276""";"""591""";2785939
"""586""";"""608""";2786037
"""458""";"""40""";2792880
"""251""";"""24""";2794800
"""699""";"""704""";2800887
"""203""";"""620""";2805774
"""764""";"""705""";2807165
"""320""";"""344""";2809506
"""458""";"""214""";2812990
"""608""";"""360""";2815686
"""682""";"""566""";2819723
"""788""";"""40""";2827039
"""36""";"""528""";2849381
"""52""";"""842""";2851367
"""458""";"""191""";2853914
"""702""";"""414""";2855453
"""428""";"""528""";2856756
"""156""";"""328""";2858918
"""440""";"""392""";2860812
"""410""";"""757""";2867017
"""764""";"""231""";2873660
"""804""";"""398""";2875864
"""458""";"""800""";2877146
"""458""";"""504""";2878364
"""392""";"""360""";2880073
"""203""";"""191""";2880863
"""400""";"""392""";2881599
"""757""";"""440""";2889440
"""203""";"""376""";2894397
"""699""";"""388""";2899367
"""702""";"""643""";2901071
"""381""";"""600""";2904830
"""458""";"""780""";2913971
"""792""";"""470""";2915591
"""616""";"""705""";2922370
"""807""";"""251""";2928647
"""724""";"""704""";2929025
"""764""";"""372""";2929307
"""484""";"""604""";2932973
"""76""";"""604""";2934776
"""842""";"""398""";2937634
"""156""";"""499""";2943386
"""608""";"""56""";2943740
"""116""";"""191""";2947939
"""410""";"""417""";2954921
"""276""";"""837""";2967000
"""344""";"""31""";2967824
"""344""";"""196""";2968200
"""480""";"""450""";2977224
"""348""";"""376""";2981434
"""620""";"""792""";2986354
"""703""";"""208""";2986470
"""251""";"""862""";2990016
"""348""";"""752""";2997552
"""724""";"""292""";3001115
"""705""";"""196""";3002527
"""458""";"""188""";3003195
"""764""";"""598""";3004931
"""381""";"""352""";3009341
"""372""";"""40""";3009466
"""428""";"""203""";3021934
"""620""";"""132""";3023121
"""144""";"""50""";3024924
"""804""";"""233""";3032598
"""724""";"""70""";3033234
"""616""";"""417""";3033568
"""191""";"""251""";3034251
"""792""";"""496""";3037195
"""504""";"""752""";3040715
"""56""";"""20""";3040881
"""826""";"""512""";3046183
"""643""";"""381""";3062469
"""524""";"""699""";3062908
"""276""";"""434""";3063125
"""757""";"""490""";3068463
"""480""";"""591""";3069406
"""792""";"""764""";3074552
"""124""";"""554""";3078866
"""376""";"""124""";3083000
"""504""";"""24""";3090586
"""144""";"""32""";3092797
"""458""";"""12""";3105202
"""203""";"""705""";3106518
"""422""";"""760""";3107739
"""410""";"""616""";3113612
"""40""";"""442""";3128085
"""704""";"""100""";3146716
"""203""";"""784""";3150757
"""400""";"""838""";3152637
"""400""";"""381""";3155451
"""524""";"""381""";3168311
"""208""";"""156""";3169722
"""757""";"""246""";3179617
"""36""";"""710""";3180828
"""616""";"""191""";3182445
"""752""";"""300""";3185024
"""208""";"""112""";3192064
"""458""";"""434""";3197906
"""764""";"""604""";3199162
"""699""";"""222""";3201661
"""642""";"""579""";3208542
"""586""";"""566""";3208693
"""682""";"""729""";3209759
"""458""";"""50""";3213593
"""214""";"""276""";3217737
"""300""";"""804""";3221160
"""392""";"""643""";3221909
"""704""";"""862""";3226515
"""504""";"""434""";3231781
"""320""";"""484""";3233050
"""710""";"""834""";3234667
"""504""";"""178""";3240750
"""480""";"""484""";3243597
"""528""";"""156""";3246334
"""376""";"""381""";3252000
"""268""";"""276""";3265902
"""484""";"""222""";3276779
"""702""";"""682""";3286897
"""458""";"""398""";3286991
"""586""";"""554""";3287228
"""807""";"""56""";3293635
"""156""";"""68""";3296433
"""643""";"""51""";3296853
"""196""";"""300""";3299730
"""214""";"""340""";3314767
"""360""";"""144""";3316270
"""764""";"""64""";3326203
"""144""";"""490""";3334077
"""764""";"""768""";3335892
"""116""";"""376""";3338086
"""764""";"""428""";3338175
"""156""";"""108""";3346876
"""703""";"""579""";3346907
"""524""";"""124""";3347791
"""56""";"""710""";3350461
"""699""";"""894""";3350881
"""458""";"""144""";3353962
"""764""";"""24""";3371565
"""36""";"""156""";3373309
"""826""";"""288""";3376944
"""792""";"""4""";3377680
"""381""";"""760""";3380720
"""40""";"""152""";3380725
"""688""";"""616""";3382700
"""792""";"""360""";3382885
"""757""";"""203""";3384616
"""100""";"""124""";3385391
"""203""";"""372""";3395392
"""764""";"""48""";3402142
"""372""";"""56""";3406691
"""442""";"""792""";3407112
"""724""";"""352""";3408521
"""842""";"""616""";3409733
"""682""";"""504""";3409970
"""458""";"""116""";3419279
"""458""";"""642""";3423961
"""757""";"""76""";3432541
"""231""";"""729""";3435688
"""56""";"""682""";3443975
"""344""";"""496""";3453148
"""504""";"""757""";3459494
"""442""";"""710""";3471430
"""191""";"""616""";3476504
"""76""";"""620""";3482242
"""579""";"""842""";3482953
"""208""";"""422""";3488674
"""51""";"""251""";3494054
"""757""";"""699""";3499295
"""170""";"""392""";3504043
"""724""";"""568""";3504609
"""699""";"""191""";3516947
"""554""";"""826""";3518675
"""458""";"""858""";3531522
"""792""";"""690""";3532334
"""372""";"""251""";3535071
"""381""";"""496""";3539488
"""68""";"""152""";3544172
"""752""";"""440""";3558775
"""724""";"""499""";3558903
"""116""";"""360""";3567700
"""842""";"""258""";3582089
"""116""";"""899""";3585519
"""144""";"""440""";3585875
"""100""";"""688""";3590525
"""579""";"""528""";3592913
"""710""";"""288""";3596805
"""699""";"""608""";3600376
"""251""";"""175""";3604850
"""586""";"""50""";3605119
"""251""";"""466""";3607245
"""450""";"""124""";3609758
"""643""";"""724""";3611806
"""528""";"""710""";3615753
"""458""";"""104""";3622298
"""208""";"""620""";3629164
"""422""";"""634""";3630863
"""360""";"""324""";3632428
"""458""";"""440""";3636505
"""586""";"""404""";3638756
"""788""";"""12""";3640171
"""586""";"""233""";3643982
"""251""";"""652""";3651782
"""144""";"""554""";3655713
"""8""";"""203""";3658372
"""528""";"""410""";3658629
"""704""";"""858""";3661514
"""842""";"""52""";3668660
"""32""";"""842""";3673473
"""96""";"""344""";3676430
"""300""";"""203""";3684500
"""704""";"""566""";3685640
"""458""";"""620""";3686824
"""214""";"""124""";3686834
"""608""";"""818""";3689294
"""156""";"""132""";3700987
"""516""";"""24""";3709928
"""818""";"""752""";3711439
"""620""";"""643""";3713318
"""764""";"""804""";3715785
"""208""";"""642""";3716917
"""251""";"""688""";3717955
"""620""";"""36""";3718435
"""360""";"""804""";3724116
"""246""";"""348""";3724878
"""705""";"""752""";3725270
"""116""";"""604""";3727234
"""56""";"""422""";3728978
"""410""";"""398""";3743637
"""620""";"""504""";3751026
"""372""";"""620""";3754887
"""703""";"""752""";3754947
"""608""";"""458""";3760138
"""124""";"""484""";3760399
"""764""";"""566""";3763342
"""528""";"""470""";3766961
"""834""";"""710""";3770116
"""417""";"""643""";3774399
"""842""";"""136""";3777648
"""170""";"""68""";3785598
"""818""";"""616""";3790093
"""218""";"""152""";3809201
"""440""";"""616""";3817806
"""458""";"""566""";3828902
"""414""";"""48""";3838434
"""688""";"""703""";3852499
"""620""";"""376""";3868229
"""246""";"""705""";3876185
"""608""";"""710""";3889218
"""410""";"""579""";3904741
"""699""";"""428""";3909999
"""233""";"""826""";3910758
"""705""";"""56""";3911486
"""276""";"""20""";3923518
"""360""";"""604""";3924759
"""579""";"""643""";3925910
"""705""";"""251""";3935578
"""792""";"""76""";3947317
"""100""";"""620""";3949696
"""76""";"""251""";3959017
"""724""";"""512""";3960129
"""757""";"""100""";3962887
"""276""";"""480""";3967933
"""842""";"""40""";3968561
"""764""";"""620""";3974687
"""156""";"""646""";3975171
"""116""";"""608""";3979385
"""381""";"""214""";3980904
"""56""";"""50""";3989160
"""381""";"""12""";4005247
"""428""";"""112""";4013584
"""484""";"""392""";4027204
"""752""";"""620""";4032029
"""764""";"""818""";4037401
"""528""";"""376""";4038640
"""381""";"""858""";4039851
"""246""";"""842""";4041351
"""512""";"""842""";4042020
"""428""";"""804""";4062109
"""442""";"""208""";4064743
"""381""";"""795""";4068489
"""344""";"""214""";4070973
"""124""";"""682""";4075573
"""344""";"""634""";4078857
"""124""";"""579""";4081214
"""458""";"""404""";4088274
"""699""";"""360""";4092614
"""300""";"""688""";4093530
"""757""";"""579""";4097037
"""620""";"""392""";4101433
"""764""";"""288""";4101632
"""203""";"""792""";4102002
"""826""";"""818""";4105989
"""804""";"""752""";4107637
"""124""";"""381""";4111531
"""528""";"""422""";4138665
"""484""";"""724""";4144299
"""442""";"""643""";4148214
"""450""";"""480""";4149806
"""410""";"""76""";4154871
"""251""";"""51""";4157142
"""480""";"""784""";4161320
"""710""";"""480""";4161425
"""440""";"""804""";4169237
"""300""";"""705""";4171976
"""703""";"""688""";4177619
"""752""";"""156""";4207081
"""440""";"""381""";4211977
"""381""";"""762""";4215671
"""56""";"""191""";4218786
"""579""";"""246""";4248099
"""703""";"""724""";4254659
"""132""";"""620""";4256302
"""826""";"""400""";4268860
"""703""";"""246""";4271053
"""360""";"""887""";4277992
"""246""";"""616""";4282209
"""344""";"""440""";4285638
"""372""";"""392""";4286437
"""842""";"""400""";4287399
"""251""";"""512""";4289544
"""842""";"""60""";4295097
"""710""";"""784""";4297487
"""170""";"""251""";4311123
"""344""";"""504""";4311707
"""804""";"""498""";4312059
"""705""";"""616""";4316072
"""705""";"""757""";4336670
"""410""";"""558""";4342421
"""643""";"""251""";4343176
"""144""";"""608""";4353657
"""792""";"""699""";4354978
"""826""";"""586""";4365358
"""528""";"""36""";4370248
"""376""";"""826""";4386000
"""458""";"""705""";4388183
"""757""";"""804""";4389929
"""757""";"""752""";4403431
"""450""";"""381""";4403665
"""620""";"""442""";4404434
"""826""";"""191""";4416050
"""156""";"""706""";4418389
"""276""";"""498""";4420018
"""410""";"""566""";4443545
"""124""";"""56""";4449063
"""620""";"""682""";4449456
"""558""";"""56""";4451619
"""642""";"""191""";4454792
"""842""";"""332""";4454969
"""699""";"""268""";4455765
"""76""";"""36""";4466430
"""504""";"""12""";4480816
"""188""";"""276""";4483373
"""251""";"""854""";4489681
"""156""";"""426""";4497909
"""703""";"""804""";4498292
"""40""";"""104""";4499092
"""764""";"""434""";4507136
"""191""";"""705""";4508540
"""528""";"""688""";4519011
"""344""";"""703""";4527389
"""604""";"""214""";4528053
"""428""";"""251""";4528715
"""116""";"""764""";4528881
"""528""";"""352""";4538882
"""100""";"""643""";4539093
"""251""";"""70""";4539800
"""156""";"""64""";4542072
"""682""";"""724""";4553489
"""558""";"""222""";4560212
"""702""";"""528""";4565033
"""620""";"""300""";4566513
"""842""";"""32""";4572227
"""428""";"""246""";4579733
"""276""";"""12""";4587679
"""76""";"""392""";4588608
"""360""";"""620""";4591153
"""792""";"""48""";4626453
"""404""";"""800""";4628933
"""498""";"""100""";4631844
"""251""";"""458""";4646051
"""484""";"""36""";4654157
"""268""";"""51""";4654216
"""392""";"""528""";4677111
"""144""";"""764""";4679861
"""702""";"""251""";4682675
"""699""";"""368""";4689593
"""48""";"""512""";4692378
"""586""";"""705""";4700498
"""251""";"""434""";4707536
"""764""";"""144""";4711319
"""320""";"""392""";4713499
"""276""";"""554""";4716837
"""842""";"""300""";4731428
"""704""";"""699""";4736693
"""381""";"""554""";4738040
"""616""";"""442""";4745157
"""156""";"""795""";4746809
"""428""";"""352""";4750500
"""214""";"""56""";4763879
"""344""";"""788""";4771638
"""818""";"""203""";4775021
"""458""";"""591""";4777427
"""170""";"""214""";4819528
"""616""";"""674""";4832133
"""591""";"""838""";4832273
"""170""";"""320""";4841609
"""442""";"""528""";4852812
"""586""";"""414""";4888384
"""276""";"""860""";4947787
"""604""";"""528""";4961710
"""152""";"""842""";4966373
"""826""";"""504""";4968078
"""807""";"""208""";4968391
"""788""";"""344""";4968671
"""792""";"""152""";4968897
"""752""";"""344""";4973778
"""703""";"""196""";4979323
"""752""";"""410""";4985909
"""496""";"""251""";4986296
"""246""";"""381""";4988731
"""484""";"""156""";4996148
"""144""";"""710""";4996918
"""586""";"""40""";5000569
"""251""";"""480""";5001121
"""251""";"""450""";5005283
"""404""";"""834""";5009913
"""702""";"""208""";5024036
"""688""";"""300""";5026897
"""528""";"""20""";5040763
"""470""";"""642""";5069631
"""400""";"""528""";5074456
"""124""";"""251""";5089450
"""642""";"""442""";5091150
"""440""";"""398""";5092052
"""842""";"""534""";5095131
"""191""";"""752""";5098799
"""208""";"""392""";5115044
"""724""";"""899""";5116661
"""524""";"""392""";5125730
"""724""";"""51""";5127837
"""112""";"""498""";5142300
"""410""";"""724""";5142906
"""804""";"""112""";5159268
"""222""";"""528""";5179805
"""56""";"""36""";5186897
"""484""";"""826""";5195835
"""251""";"""360""";5210755
"""458""";"""414""";5210889
"""458""";"""804""";5225888
"""704""";"""4""";5238044
"""516""";"""710""";5238841
"""208""";"""784""";5245451
"""376""";"""528""";5262000
"""381""";"""608""";5276292
"""642""";"""804""";5279511
"""752""";"""372""";5285186
"""392""";"""757""";5287477
"""320""";"""340""";5288538
"""458""";"""218""";5291310
"""70""";"""757""";5293295
"""724""";"""807""";5295181
"""704""";"""586""";5301712
"""246""";"""757""";5315769
"""643""";"""276""";5321541
"""218""";"""170""";5330881
"""586""";"""634""";5342762
"""642""";"""124""";5344584
"""804""";"""40""";5347569
"""40""";"""620""";5356990
"""344""";"""24""";5371272
"""788""";"""643""";5417659
"""724""";"""434""";5417813
"""410""";"""496""";5429541
"""276""";"""470""";5441814
"""842""";"""4""";5450716
"""422""";"""276""";5462856
"""792""";"""887""";5467080
"""410""";"""246""";5486831
"""144""";"""360""";5501489
"""124""";"""344""";5510584
"""826""";"""484""";5512087
"""842""";"""600""";5519170
"""276""";"""268""";5526902
"""705""";"""70""";5539245
"""124""";"""757""";5540237
"""276""";"""170""";5543932
"""144""";"""152""";5549360
"""208""";"""36""";5552444
"""381""";"""368""";5552551
"""764""";"""834""";5563030
"""170""";"""76""";5571196
"""381""";"""417""";5578964
"""826""";"""268""";5587216
"""124""";"""156""";5589417
"""156""";"""44""";5593735
"""480""";"""124""";5599952
"""586""";"""152""";5602795
"""818""";"""729""";5605155
"""682""";"""634""";5608729
"""604""";"""188""";5609613
"""608""";"""764""";5620434
"""348""";"""705""";5634012
"""231""";"""842""";5636083
"""616""";"""344""";5642902
"""458""";"""400""";5645173
"""251""";"""400""";5654569
"""792""";"""702""";5660182
"""842""";"""388""";5668162
"""300""";"""807""";5671072
"""458""";"""203""";5683821
"""764""";"""792""";5694606
"""360""";"""12""";5703329
"""320""";"""792""";5713628
"""392""";"""124""";5724107
"""608""";"""702""";5724305
"""699""";"""233""";5732591
"""251""";"""608""";5744461
"""842""";"""24""";5750663
"""586""";"""12""";5753667
"""484""";"""344""";5767797
"""276""";"""400""";5769863
"""764""";"""170""";5770619
"""705""";"""499""";5773097
"""116""";"""703""";5780892
"""144""";"""203""";5786050
"""792""";"""591""";5802334
"""170""";"""724""";5815034
"""842""";"""579""";5815496
"""268""";"""381""";5821823
"""251""";"""152""";5837073
"""344""";"""705""";5849264
"""246""";"""440""";5865107
"""842""";"""704""";5871307
"""40""";"""579""";5876209
"""554""";"""842""";5883294
"""458""";"""586""";5891002
"""807""";"""203""";5898343
"""688""";"""528""";5898365
"""752""";"""352""";5933185
"""586""";"""410""";5938562
"""376""";"""899""";5941000
"""410""";"""528""";5951696
"""710""";"""404""";5953066
"""792""";"""231""";5966498
"""276""";"""704""";5967308
"""40""";"""410""";5987200
"""579""";"""440""";5988817
"""699""";"""490""";5993603
"""764""";"""203""";6003696
"""608""";"""76""";6047226
"""703""";"""56""";6048646
"""70""";"""251""";6054584
"""40""";"""784""";6065521
"""699""";"""508""";6066798
"""348""";"""100""";6074230
"""620""";"""508""";6080578
"""251""";"""268""";6091107
"""764""";"""300""";6097804
"""381""";"""32""";6102428
"""842""";"""533""";6106932
"""826""";"""112""";6108711
"""642""";"""392""";6127341
"""156""";"""740""";6146151
"""642""";"""620""";6147650
"""251""";"""591""";6148957
"""381""";"""899""";6157688
"""788""";"""752""";6164276
"""348""";"""191""";6179684
"""620""";"""124""";6183893
"""320""";"""528""";6189369
"""348""";"""56""";6207190
"""688""";"""807""";6212317
"""586""";"""757""";6221443
"""32""";"""600""";6222080
"""616""";"""392""";6233294
"""788""";"""757""";6244527
"""40""";"""36""";6248101
"""360""";"""554""";6270214
"""112""";"""826""";6280700
"""344""";"""818""";6284905
"""208""";"""428""";6294985
"""300""";"""208""";6320676
"""710""";"""842""";6328571
"""100""";"""203""";6336736
"""643""";"""84""";6340886
"""392""";"""784""";6341667
"""422""";"""251""";6344577
"""76""";"""32""";6375813
"""300""";"""344""";6380920
"""699""";"""780""";6388971
"""842""";"""360""";6389985
"""208""";"""705""";6414179
"""842""";"""208""";6418310
"""40""";"""376""";6428891
"""504""";"""784""";6436868
"""699""";"""800""";6437562
"""442""";"""724""";6441153
"""320""";"""188""";6446232
"""124""";"""724""";6454828
"""586""";"""620""";6467457
"""276""";"""51""";6479221
"""699""";"""188""";6486243
"""642""";"""344""";6489533
"""72""";"""842""";6489641
"""392""";"""704""";6496549
"""156""";"""498""";6498722
"""422""";"""414""";6507295
"""480""";"""203""";6509398
"""642""";"""792""";6515127
"""757""";"""208""";6516453
"""156""";"""430""";6516629
"""804""";"""203""";6535032
"""400""";"""826""";6535942
"""440""";"""372""";6539007
"""56""";"""410""";6543544
"""344""";"""580""";6553415
"""116""";"""710""";6555344
"""344""";"""862""";6560662
"""246""";"""208""";6567913
"""344""";"""404""";6572332
"""682""";"""414""";6573895
"""788""";"""616""";6582432
"""222""";"""558""";6584007
"""528""";"""344""";6585482
"""528""";"""398""";6612346
"""144""";"""757""";6626385
"""191""";"""70""";6632660
"""704""";"""604""";6635595
"""56""";"""124""";6644647
"""328""";"""842""";6646147
"""842""";"""608""";6647218
"""156""";"""418""";6649263
"""428""";"""826""";6652413
"""792""";"""458""";6657090
"""360""";"""300""";6658479
"""699""";"""642""";6675230
"""682""";"""48""";6676102
"""484""";"""188""";6703204
"""699""";"""242""";6706017
"""484""";"""528""";6708225
"""100""";"""703""";6723426
"""764""";"""246""";6723959
"""344""";"""400""";6737420
"""376""";"""170""";6751000
"""381""";"""566""";6761337
"""156""";"""352""";6765463
"""344""";"""348""";6790895
"""348""";"""70""";6796476
"""480""";"""36""";6806409
"""826""";"""608""";6811375
"""276""";"""496""";6813978
"""699""";"""422""";6825104
"""604""";"""554""";6845542
"""699""";"""348""";6852469
"""620""";"""484""";6852621
"""792""";"""112""";6859776
"""702""";"""50""";6862755
"""360""";"""414""";6867968
"""156""";"""894""";6883002
"""608""";"""152""";6905130
"""156""";"""266""";6910731
"""381""";"""364""";6921394
"""344""";"""340""";6925151
"""242""";"""554""";6985426
"""484""";"""276""";6987357
"""757""";"""702""";6994331
"""144""";"""792""";7011425
"""703""";"""826""";7020798
"""604""";"""36""";7028009
"""458""";"""512""";7052861
"""188""";"""56""";7053417
"""70""";"""191""";7073435
"""792""";"""484""";7077566
"""222""";"""188""";7084584
"""170""";"""826""";7087098
"""124""";"""410""";7128062
"""842""";"""372""";7148187
"""699""";"""100""";7185353
"""620""";"""616""";7186462
"""40""";"""792""";7208411
"""381""";"""360""";7231448
"""616""";"""100""";7264250
"""528""";"""100""";7287697
"""56""";"""784""";7293961
"""246""";"""392""";7294241
"""604""";"""68""";7309594
"""275""";"""376""";7376750
"""218""";"""842""";7404154
"""170""";"""124""";7411670
"""792""";"""705""";7414577
"""124""";"""784""";7429615
"""604""";"""724""";7434360
"""757""";"""620""";7434902
"""440""";"""40""";7435455
"""496""";"""826""";7443379
"""251""";"""384""";7454177
"""757""";"""792""";7487575
"""251""";"""191""";7489502
"""208""";"""804""";7496635
"""251""";"""686""";7526773
"""458""";"""862""";7529020
"""251""";"""704""";7531790
"""699""";"""705""";7546085
"""528""";"""196""";7556483
"""116""";"""300""";7556861
"""842""";"""699""";7560057
"""807""";"""100""";7561598
"""300""";"""842""";7562684
"""600""";"""858""";7568117
"""710""";"""24""";7582021
"""764""";"""462""";7590246
"""702""";"""699""";7656459
"""203""";"""300""";7692218
"""251""";"""170""";7727082
"""208""";"""300""";7728965
"""410""";"""764""";7733936
"""699""";"""504""";7757495
"""381""";"""862""";7762633
"""826""";"""442""";7765233
"""276""";"""699""";7797495
"""56""";"""233""";7809663
"""428""";"""579""";7819354
"""608""";"""591""";7819556
"""144""";"""591""";7823897
"""300""";"""792""";7837632
"""300""";"""191""";7837640
"""608""";"""724""";7874094
"""251""";"""470""";7903043
"""643""";"""498""";7946774
"""300""";"""8""";7954365
"""116""";"""32""";8031334
"""458""";"""422""";8060931
"""792""";"""729""";8070080
"""36""";"""702""";8082588
"""764""";"""32""";8084629
"""203""";"""428""";8098814
"""842""";"""48""";8103036
"""724""";"""446""";8108582
"""348""";"""203""";8114867
"""710""";"""566""";8115233
"""608""";"""490""";8118397
"""764""";"""508""";8130725
"""699""";"""768""";8170123
"""392""";"""36""";8194192
"""40""";"""752""";8205760
"""156""";"""275""";8218746
"""56""";"""804""";8221638
"""705""";"""528""";8234953
"""381""";"""20""";8251541
"""826""";"""422""";8269677
"""410""";"""320""";8270710
"""842""";"""780""";8282564
"""699""";"""104""";8287027
"""704""";"""300""";8288772
"""834""";"""842""";8295920
"""579""";"""276""";8297258
"""76""";"""24""";8306722
"""586""";"""300""";8315510
"""40""";"""196""";8326383
"""144""";"""208""";8411515
"""710""";"""180""";8422376
"""620""";"""156""";8422457
"""724""";"""858""";8422459
"""699""";"""860""";8424040
"""458""";"""579""";8424700
"""208""";"""203""";8425661
"""842""";"""268""";8438921
"""826""";"""292""";8501835
"""764""";"""554""";8521882
"""764""";"""404""";8558878
"""458""";"""899""";8564365
"""524""";"""251""";8585362
"""300""";"""757""";8601731
"""699""";"""84""";8604805
"""764""";"""360""";8634932
"""699""";"""804""";8644634
"""233""";"""276""";8655729
"""156""";"""242""";8680550
"""276""";"""764""";8687221
"""360""";"""376""";8697996
"""410""";"""484""";8703082
"""710""";"""682""";8712116
"""70""";"""705""";8745774
"""826""";"""152""";8781685
"""703""";"""528""";8793148
"""251""";"""818""";8814434
"""360""";"""704""";8827388
"""724""";"""340""";8837505
"""826""";"""12""";8858965
"""688""";"""40""";8876136
"""702""";"""381""";8897325
"""376""";"""276""";8939000
"""300""";"""56""";8946528
"""276""";"""634""";8974959
"""344""";"""620""";8983350
"""842""";"""858""";9003196
"""608""";"""36""";9014531
"""222""";"""320""";9069400
"""156""";"""462""";9070718
"""360""";"""40""";9083012
"""764""";"""152""";9116755
"""458""";"""246""";9171845
"""604""";"""344""";9223405
"""826""";"""440""";9254038
"""203""";"""246""";9255398
"""724""";"""222""";9260885
"""470""";"""434""";9324700
"""586""";"""344""";9341519
"""703""";"""705""";9343288
"""56""";"""344""";9357126
"""458""";"""96""";9368083
"""100""";"""348""";9392257
"""642""";"""498""";9415030
"""682""";"""818""";9423894
"""757""";"""36""";9445674
"""764""";"""757""";9456597
"""752""";"""643""";9462939
"""116""";"""203""";9464263
"""757""";"""528""";9471480
"""699""";"""466""";9484832
"""842""";"""724""";9488762
"""699""";"""858""";9510927
"""36""";"""598""";9555223
"""124""";"""643""";9558322
"""764""";"""418""";9565982
"""233""";"""804""";9568600
"""688""";"""705""";9579322
"""348""";"""792""";9588801
"""40""";"""344""";9618605
"""440""";"""757""";9624799
"""40""";"""246""";9668638
"""528""";"""428""";9671778
"""276""";"""504""";9686370
"""381""";"""604""";9693959
"""826""";"""705""";9721373
"""156""";"""175""";9734367
"""826""";"""458""";9752874
"""642""";"""757""";9758355
"""842""";"""246""";9786040
"""56""";"""440""";9802875
"""704""";"""360""";9803046
"""251""";"""699""";9803140
"""246""";"""826""";9812494
"""804""";"""826""";9842836
"""699""";"""204""";9854445
"""454""";"""842""";9864126
"""792""";"""620""";9868770
"""699""";"""516""";9876866
"""300""";"""40""";9902069
"""788""";"""434""";9903946
"""710""";"""826""";9905105
"""764""";"""616""";9927468
"""348""";"""616""";9936218
"""600""";"""32""";9938601
"""616""";"""398""";9952004
"""40""";"""124""";9964382
"""360""";"""203""";9973778
"""76""";"""152""";9980445
"""524""";"""826""";9991258
"""144""";"""579""";10006724
"""757""";"""616""";10074958
"""704""";"""116""";10075574
"""348""";"""724""";10077074
"""51""";"""276""";10101527
"""818""";"""414""";10107571
"""458""";"""757""";10113154
"""703""";"""191""";10144836
"""208""";"""233""";10173871
"""276""";"""458""";10214695
"""36""";"""344""";10219913
"""251""";"""258""";10225854
"""792""";"""860""";10233509
"""112""";"""398""";10234100
"""116""";"""152""";10246117
"""208""";"""124""";10249312
"""203""";"""804""";10271496
"""842""";"""764""";10278517
"""699""";"""12""";10283927
"""757""";"""422""";10332422
"""348""";"""643""";10359208
"""528""";"""124""";10392923
"""156""";"""716""";10416914
"""704""";"""348""";10430034
"""642""";"""616""";10437591
"""804""";"""528""";10446626
"""818""";"""784""";10457396
"""450""";"""528""";10483445
"""826""";"""352""";10516888
"""360""";"""579""";10522249
"""203""";"""196""";10532492
"""699""";"""404""";10538360
"""152""";"""858""";10595382
"""616""";"""792""";10596923
"""191""";"""688""";10612242
"""642""";"""434""";10621506
"""276""";"""818""";10628470
"""792""";"""634""";10659182
"""858""";"""32""";10679971
"""528""";"""191""";10693634
"""116""";"""591""";10693999
"""826""";"""490""";10696124
"""724""";"""268""";10743078
"""704""";"""170""";10764293
"""36""";"""826""";10770678
"""276""";"""152""";10806261
"""458""";"""364""";10830366
"""410""";"""784""";10852749
"""484""";"""170""";10862142
"""642""";"""203""";10862393
"""699""";"""862""";10866501
"""440""";"""528""";10892472
"""251""";"""428""";10892577
"""616""";"""372""";10918712
"""246""";"""40""";10920916
"""642""";"""300""";10928638
"""842""";"""752""";10928905
"""40""";"""100""";10934589
"""246""";"""428""";10935832
"""144""";"""702""";10939051
"""842""";"""558""";10946199
"""702""";"""792""";10954370
"""116""";"""490""";10964230
"""702""";"""156""";10974139
"""300""";"""752""";10979630
"""788""";"""842""";11002057
"""642""";"""688""";11003793
"""203""";"""440""";11019069
"""40""";"""156""";11021772
"""203""";"""233""";11023300
"""703""";"""682""";11036622
"""699""";"""716""";11044185
"""246""";"""579""";11119045
"""480""";"""276""";11155505
"""208""";"""440""";11159544
"""360""";"""32""";11197447
"""116""";"""76""";11266650
"""484""";"""152""";11266751
"""344""";"""428""";11267950
"""826""";"""788""";11325580
"""156""";"""442""";11333743
"""642""";"""643""";11336525
"""620""";"""784""";11352313
"""156""";"""558""";11365805
"""699""";"""818""";11405078
"""586""";"""458""";11409577
"""504""";"""792""";11427944
"""203""";"""100""";11431911
"""76""";"""68""";11501313
"""826""";"""434""";11505001
"""764""";"""208""";11517168
"""246""";"""528""";11531449
"""842""";"""634""";11588053
"""842""";"""710""";11612492
"""72""";"""710""";11641057
"""458""";"""372""";11671586
"""360""";"""699""";11684526
"""40""";"""392""";11700118
"""381""";"""704""";11709233
"""440""";"""682""";11715079
"""276""";"""352""";11721176
"""116""";"""372""";11729501
"""704""";"""144""";11775005
"""410""";"""50""";11806240
"""528""";"""804""";11812492
"""826""";"""31""";11821675
"""524""";"""276""";11837232
"""360""";"""566""";11841602
"""826""";"""76""";11852590
"""156""";"""384""";11855588
"""818""";"""124""";11860595
"""360""";"""729""";11865684
"""156""";"""860""";11869541
"""558""";"""124""";11875849
"""604""";"""591""";11892253
"""251""";"""710""";11902189
"""752""";"""124""";11912437
"""360""";"""757""";11930750
"""360""";"""792""";11935929
"""276""";"""360""";11935941
"""40""";"""804""";11954936
"""156""";"""516""";11958280
"""498""";"""642""";11969832
"""56""";"""579""";11987205
"""764""";"""699""";11997949
"""579""";"""208""";12007192
"""392""";"""702""";12031130
"""688""";"""642""";12038779
"""124""";"""36""";12046533
"""410""";"""752""";12094286
"""699""";"""288""";12095105
"""276""";"""807""";12104058
"""724""";"""31""";12206711
"""704""";"""554""";12216553
"""246""";"""251""";12229432
"""381""";"""48""";12233754
"""360""";"""152""";12239463
"""116""";"""40""";12255163
"""764""";"""579""";12256941
"""792""";"""364""";12259852
"""344""";"""858""";12274075
"""604""";"""251""";12287314
"""251""";"""100""";12296284
"""704""";"""804""";12324004
"""620""";"""344""";12325360
"""251""";"""120""";12350937
"""410""";"""458""";12361729
"""528""";"""392""";12375758
"""724""";"""710""";12394005
"""586""";"""702""";12408611
"""620""";"""76""";12411350
"""344""";"""316""";12438893
"""70""";"""616""";12451192
"""804""";"""440""";12483419
"""826""";"""100""";12493977
"""360""";"""710""";12495585
"""512""";"""364""";12509448
"""752""";"""36""";12530954
"""792""";"""410""";12535354
"""604""";"""392""";12538216
"""251""";"""31""";12574091
"""704""";"""703""";12574920
"""344""";"""300""";12585354
"""699""";"""524""";12607571
"""344""";"""233""";12618005
"""414""";"""784""";12631260
"""144""";"""40""";12668717
"""484""";"""381""";12674601
"""792""";"""710""";12677036
"""344""";"""203""";12684648
"""156""";"""466""";12702966
"""372""";"""528""";12722599
"""699""";"""434""";12739622
"""251""";"""48""";12758559
"""442""";"""381""";12764690
"""381""";"""268""";12794500
"""392""";"""381""";12797618
"""724""";"""233""";12811252
"""440""";"""842""";12848785
"""348""";"""688""";12895366
"""702""";"""96""";12927159
"""458""";"""604""";12940255
"""144""";"""458""";12944442
"""208""";"""699""";12967543
"""826""";"""428""";12973783
"""422""";"""682""";12978093
"""344""";"""414""";13008144
"""724""";"""604""";13012918
"""360""";"""208""";13030930
"""144""";"""616""";13048788
"""586""";"""792""";13055134
"""842""";"""566""";13086204
"""381""";"""400""";13184226
"""276""";"""702""";13189759
"""372""";"""842""";13262659
"""276""";"""76""";13271506
"""842""";"""44""";13279063
"""528""";"""784""";13293934
"""40""";"""70""";13371488
"""757""";"""784""";13391101
"""116""";"""579""";13497665
"""757""";"""124""";13510293
"""724""";"""188""";13566666
"""586""";"""484""";13567561
"""410""";"""36""";13584519
"""56""";"""196""";13585997
"""360""";"""764""";13596055
"""757""";"""410""";13623841
"""702""";"""410""";13639605
"""826""";"""398""";13644247
"""484""";"""56""";13646469
"""826""";"""764""";13655436
"""381""";"""458""";13667339
"""112""";"""276""";13677900
"""251""";"""178""";13734580
"""348""";"""842""";13734977
"""604""";"""826""";13832417
"""156""";"""454""";13836388
"""276""";"""414""";13859460
"""442""";"""56""";14005857
"""528""";"""233""";14024534
"""156""";"""72""";14037888
"""112""";"""440""";14067300
"""156""";"""231""";14071169
"""100""";"""616""";14087060
"""392""";"""458""";14110654
"""484""";"""320""";14127236
"""699""";"""703""";14132893
"""826""";"""376""";14174530
"""170""";"""528""";14203761
"""458""";"""818""";14244645
"""620""";"""579""";14280928
"""818""";"""528""";14306544
"""642""";"""372""";14309630
"""792""";"""807""";14343140
"""100""";"""208""";14355818
"""450""";"""56""";14401023
"""320""";"""222""";14408263
"""724""";"""320""";14451343
"""608""";"""643""";14452764
"""360""";"""372""";14483455
"""251""";"""764""";14497137
"""276""";"""31""";14510433
"""276""";"""490""";14520132
"""251""";"""233""";14528325
"""381""";"""170""";14533163
"""842""";"""458""";14536323
"""251""";"""76""";14545482
"""170""";"""591""";14596447
"""757""";"""40""";14663846
"""702""";"""484""";14683696
"""699""";"""170""";14689573
"""826""";"""710""";14702852
"""458""";"""554""";14724567
"""203""";"""579""";14732455
"""704""";"""24""";14747530
"""757""";"""56""";14760323
"""360""";"""608""";14763188
"""703""";"""643""";14785850
"""344""";"""804""";14796281
"""620""";"""246""";14798895
"""643""";"""428""";14892115
"""480""";"""381""";14900286
"""392""";"""764""";14920476
"""788""";"""899""";14930352
"""804""";"""703""";14957286
"""764""";"""710""";14967704
"""381""";"""807""";14974867
"""360""";"""591""";14980753
"""208""";"""842""";14998100
"""608""";"""484""";15158775
"""752""";"""724""";15188672
"""586""";"""76""";15285995
"""524""";"""842""";15299842
"""156""";"""4""";15328453
"""528""";"""440""";15336937
"""764""";"""591""";15381320
"""699""";"""762""";15415484
"""804""";"""56""";15435346
"""68""";"""862""";15436259
"""276""";"""788""";15520330
"""251""";"""266""";15595773
"""608""";"""344""";15650559
"""642""";"""428""";15678748
"""344""";"""32""";15717006
"""842""";"""554""";15719971
"""702""";"""392""";15736037
"""116""";"""208""";15750942
"""144""";"""372""";15821994
"""36""";"""842""";15830951
"""440""";"""233""";15838731
"""76""";"""858""";15839796
"""704""";"""376""";15848170
"""616""";"""842""";15859420
"""724""";"""192""";15901893
"""381""";"""591""";15910535
"""440""";"""112""";15919763
"""608""";"""251""";15927535
"""586""";"""203""";15957142
"""410""";"""702""";16009564
"""724""";"""191""";16021264
"""704""";"""246""";16027728
"""450""";"""724""";16033200
"""702""";"""704""";16042964
"""170""";"""152""";16055936
"""752""";"""392""";16060093
"""381""";"""764""";16106245
"""498""";"""616""";16112907
"""144""";"""682""";16127236
"""704""";"""899""";16135062
"""458""";"""490""";16173687
"""100""";"""752""";16198782
"""764""";"""376""";16206996
"""710""";"""508""";16214937
"""251""";"""705""";16220693
"""704""";"""757""";16222138
"""826""";"""233""";16467532
"""699""";"""48""";16484493
"""724""";"""214""";16493346
"""704""";"""608""";16521349
"""116""";"""442""";16529248
"""724""";"""32""";16542855
"""792""";"""498""";16680147
"""764""";"""704""";16704768
"""702""";"""124""";16747329
"""699""";"""300""";16753457
"""724""";"""398""";16775703
"""320""";"""558""";16800670
"""344""";"""422""";16816308
"""208""";"""792""";16884097
"""826""";"""699""";17033277
"""410""";"""608""";17043055
"""704""";"""792""";17062379
"""484""";"""76""";17063345
"""116""";"""702""";17069684
"""826""";"""554""";17074638
"""586""";"""643""";17081776
"""56""";"""428""";17153342
"""208""";"""234""";17153949
"""320""";"""899""";17165705
"""705""";"""381""";17166104
"""804""";"""428""";17185994
"""344""";"""170""";17186054
"""764""";"""40""";17240260
"""156""";"""780""";17301227
"""344""";"""604""";17328465
"""528""";"""705""";17366872
"""504""";"""56""";17386055
"""752""";"""428""";17441160
"""792""";"""191""";17444576
"""498""";"""643""";17478865
"""704""";"""764""";17492888
"""586""";"""156""";17558520
"""620""";"""372""";17564158
"""480""";"""528""";17719577
"""710""";"""716""";17720897
"""704""";"""32""";17769574
"""392""";"""826""";17792884
"""764""";"""116""";17797936
"""807""";"""826""";17827945
"""688""";"""191""";17843504
"""724""";"""400""";17865163
"""842""";"""218""";17915906
"""233""";"""579""";17940249
"""704""";"""710""";18014141
"""699""";"""554""";18055165
"""222""";"""124""";18091567
"""458""";"""300""";18094387
"""724""";"""442""";18154921
"""300""";"""528""";18197983
"""156""";"""8""";18210047
"""699""";"""686""";18360270
"""699""";"""646""";18371520
"""410""";"""682""";18421155
"""458""";"""710""";18429274
"""792""";"""348""";18517973
"""702""";"""152""";18541736
"""203""";"""208""";18594102
"""251""";"""484""";18597053
"""788""";"""792""";18627583
"""807""";"""757""";18630787
"""642""";"""703""";18641926
"""458""";"""170""";18648508
"""392""";"""276""";18791003
"""320""";"""124""";18802107
"""116""";"""757""";18816210
"""458""";"""608""";18828055
"""702""";"""56""";18855826
"""702""";"""608""";18866602
"""208""";"""643""";18879150
"""826""";"""566""";18885849
"""724""";"""470""";18975473
"""724""";"""218""";18998047
"""699""";"""634""";19021927
"""442""";"""826""";19027115
"""410""";"""381""";19029642
"""724""";"""688""";19054811
"""842""";"""792""";19096559
"""156""";"""332""";19212982
"""705""";"""688""";19219917
"""381""";"""860""";19241066
"""586""";"""710""";19260922
"""842""";"""604""";19308556
"""608""";"""381""";19354171
"""792""";"""428""";19367713
"""442""";"""251""";19412769
"""40""";"""688""";19439692
"""251""";"""703""";19491795
"""826""";"""48""";19657750
"""422""";"""784""";19665693
"""156""";"""178""";19718247
"""724""";"""703""";19718924
"""410""";"""826""";19744699
"""32""";"""858""";19802419
"""818""";"""682""";19874599
"""32""";"""152""";19907099
"""458""";"""428""";19914219
"""724""";"""428""";19923138
"""699""";"""262""";19925566
"""710""";"""894""";19962782
"""504""";"""372""";19968884
"""704""";"""682""";19998770
"""764""";"""608""";20102682
"""752""";"""233""";20142181
"""156""";"""598""";20331256
"""381""";"""112""";20404530
"""752""";"""203""";20431477
"""222""";"""484""";20455019
"""682""";"""784""";20463788
"""586""";"""372""";20548529
"""56""";"""705""";20551619
"""56""";"""156""";20573286
"""276""";"""376""";20626759
"""144""";"""703""";20699260
"""498""";"""276""";20746138
"""688""";"""251""";20752967
"""724""";"""48""";20770455
"""757""";"""643""";20904129
"""699""";"""417""";20919215
"""348""";"""528""";20935214
"""604""";"""124""";20975308
"""703""";"""757""";21091800
"""203""";"""348""";21101842
"""616""";"""724""";21157313
"""156""";"""222""";21339734
"""788""";"""620""";21463867
"""699""";"""764""";21553917
"""100""";"""842""";21563736
"""442""";"""276""";21625225
"""440""";"""246""";21691676
"""51""";"""381""";21695103
"""348""";"""804""";21703653
"""724""";"""591""";21722783
"""124""";"""392""";21763246
"""381""";"""498""";21833093
"""156""";"""480""";21834459
"""398""";"""643""";21854504
"""704""";"""579""";21882948
"""724""";"""608""";21884857
"""792""";"""8""";21924955
"""842""";"""414""";21939920
"""348""";"""826""";21943350
"""348""";"""703""";21964460
"""276""";"""112""";22014478
"""792""";"""760""";22027709
"""233""";"""440""";22057403
"""144""";"""484""";22210007
"""528""";"""842""";22215301
"""156""";"""180""";22250360
"""428""";"""276""";22251528
"""703""";"""792""";22289839
"""8""";"""300""";22314583
"""156""";"""760""";22333249
"""699""";"""364""";22363037
"""826""";"""360""";22405622
"""842""";"""643""";22409104
"""124""";"""276""";22419900
"""203""";"""757""";22455456
"""208""";"""352""";22551766
"""616""";"""112""";22561424
"""498""";"""792""";22561599
"""480""";"""56""";22606910
"""381""";"""499""";22642122
"""643""";"""804""";22700374
"""276""";"""484""";22819877
"""360""";"""818""";22895724
"""586""";"""392""";22996934
"""144""";"""410""";23060898
"""300""";"""642""";23086304
"""842""";"""422""";23102482
"""586""";"""579""";23196210
"""724""";"""579""";23215727
"""724""";"""246""";23345232
"""703""";"""251""";23365962
"""699""";"""400""";23383933
"""792""";"""762""";23397976
"""604""";"""32""";23495329
"""688""";"""499""";23506866
"""458""";"""152""";23514286
"""724""";"""788""";23531403
"""381""";"""699""";23557884
"""56""";"""788""";23608832
"""699""";"""604""";23677140
"""792""";"""31""";23702844
"""124""";"""826""";23734118
"""792""";"""36""";23775570
"""764""";"""682""";23797272
"""842""";"""76""";23813985
"""724""";"""12""";23815425
"""76""";"""842""";23831811
"""40""";"""56""";23942567
"""699""";"""51""";23974966
"""764""";"""76""";23978016
"""458""";"""208""";23995251
"""156""";"""600""";24038166
"""450""";"""842""";24048249
"""792""";"""504""";24117566
"""792""";"""795""";24147858
"""604""";"""381""";24326349
"""826""";"""634""";24433415
"""699""";"""120""";24544147
"""804""";"""208""";24545800
"""807""";"""40""";24571920
"""608""";"""826""";24638487
"""100""";"""757""";24710904
"""144""";"""156""";24724216
"""703""";"""642""";24728441
"""704""";"""372""";24759573
"""8""";"""276""";24765682
"""842""";"""320""";24846740
"""203""";"""643""";24855644
"""528""";"""348""";24914664
"""702""";"""276""";24959770
"""56""";"""643""";25062633
"""116""";"""792""";25095768
"""276""";"""196""";25171860
"""144""";"""643""";25219107
"""410""";"""124""";25308908
"""381""";"""710""";25326084
"""764""";"""643""";25488709
"""858""";"""76""";25509539
"""381""";"""51""";25563638
"""792""";"""392""";25605535
"""144""";"""724""";25651839
"""116""";"""458""";25687650
"""276""";"""422""";25714647
"""842""";"""490""";25718641
"""528""";"""642""";25722042
"""208""";"""304""";25753258
"""752""";"""381""";25814477
"""381""";"""434""";25849280
"""203""";"""528""";25870910
"""410""";"""116""";25936009
"""381""";"""442""";26027790
"""70""";"""40""";26131144
"""842""";"""757""";26134994
"""300""";"""724""";26137656
"""381""";"""504""";26289417
"""344""";"""144""";26460011
"""56""";"""703""";26566049
"""40""";"""300""";26585654
"""56""";"""642""";26605712
"""608""";"""784""";26662827
"""251""";"""246""";26720925
"""608""";"""156""";26778819
"""360""";"""752""";26793086
"""704""";"""40""";26851614
"""600""";"""76""";26852996
"""400""";"""376""";27036739
"""251""";"""634""";27057838
"""251""";"""446""";27095195
"""100""";"""642""";27113523
"""156""";"""688""";27210287
"""410""";"""56""";27266797
"""381""";"""818""";27273240
"""752""";"""842""";27347564
"""752""";"""757""";27412517
"""699""";"""231""";27490467
"""203""";"""56""";27559746
"""620""";"""788""";27593038
"""752""";"""40""";27637321
"""792""";"""566""";27679914
"""724""";"""699""";27694083
"""410""";"""276""";27717511
"""344""";"""616""";27757290
"""792""";"""196""";27777997
"""699""";"""450""";27792891
"""604""";"""484""";27890095
"""616""";"""233""";27893243
"""381""";"""152""";27901349
"""724""";"""100""";28026703
"""807""";"""381""";28129824
"""458""";"""682""";28194754
"""251""";"""440""";28243159
"""276""";"""710""";28338621
"""724""";"""36""";28361594
"""56""";"""842""";28363560
"""400""";"""124""";28447140
"""203""";"""724""";28674713
"""251""";"""398""";28683303
"""704""";"""203""";28729771
"""276""";"""70""";28750941
"""699""";"""32""";28771157
"""458""";"""752""";28787911
"""251""";"""20""";28845583
"""642""";"""100""";28876137
"""251""";"""376""";28907144
"""344""";"""372""";29038837
"""504""";"""528""";29191621
"""191""";"""40""";29301445
"""586""";"""616""";29318397
"""458""";"""32""";29567098
"""826""";"""410""";29758084
"""757""";"""724""";29949097
"""699""";"""50""";30033288
"""450""";"""826""";30048530
"""804""";"""642""";30179694
"""826""";"""470""";30366380
"""642""";"""752""";30399899
"""170""";"""188""";30453913
"""724""";"""818""";30477332
"""156""";"""192""";30494191
"""203""";"""642""";30570489
"""604""";"""218""";30706305
"""586""";"""208""";30838839
"""688""";"""70""";30840814
"""528""";"""442""";30943688
"""586""";"""36""";31063208
"""792""";"""414""";31075743
"""203""";"""752""";31103075
"""251""";"""540""";31139368
"""757""";"""392""";31170419
"""410""";"""643""";31293418
"""804""";"""251""";31311806
"""156""";"""196""";31387554
"""724""";"""458""";31533889
"""818""";"""251""";31557513
"""144""";"""752""";31560808
"""231""";"""276""";31570796
"""804""";"""616""";31657206
"""826""";"""703""";31661653
"""826""";"""642""";31824237
"""276""";"""682""";31859021
"""724""";"""490""";31898518
"""608""";"""528""";31913732
"""156""";"""188""";31925190
"""704""";"""152""";31990322
"""586""";"""682""";32277712
"""392""";"""251""";32284528
"""724""";"""152""";32373594
"""826""";"""579""";32385729
"""458""";"""699""";32394432
"""643""";"""40""";32394566
"""699""";"""203""";32415045
"""428""";"""752""";32569210
"""440""";"""251""";32590272
"""251""";"""196""";32603706
"""56""";"""392""";32636316
"""724""";"""705""";32648780
"""764""";"""752""";32695021
"""616""";"""757""";32868166
"""528""";"""703""";32872838
"""586""";"""246""";32875605
"""558""";"""340""";33036004
"""360""";"""616""";33093441
"""440""";"""428""";33246644
"""642""";"""208""";33318455
"""705""";"""191""";33462515
"""818""";"""381""";33553811
"""344""";"""792""";33561638
"""458""";"""360""";33681036
"""604""";"""276""";33687472
"""381""";"""76""";33808333
"""642""";"""674""";33850418
"""616""";"""579""";33979583
"""381""";"""470""";33984499
"""724""";"""440""";34019944
"""764""";"""104""";34037583
"""702""";"""344""";34055806
"""458""";"""616""";34101490
"""440""";"""56""";34140220
"""251""";"""414""";34184870
"""826""";"""414""";34261252
"""116""";"""784""";34261782
"""826""";"""348""";34432803
"""724""";"""862""";34452861
"""792""";"""70""";34475621
"""116""";"""752""";34606194
"""276""";"""410""";34717838
"""818""";"""56""";34769014
"""40""";"""703""";34818155
"""604""";"""170""";34838158
"""842""";"""376""";34954413
"""804""";"""381""";35181032
"""764""";"""484""";35205007
"""702""";"""36""";35248300
"""112""";"""804""";35349200
"""704""";"""591""";35406414
"""156""";"""788""";35440086
"""826""";"""804""";35550203
"""842""";"""702""";35643326
"""752""";"""56""";35655927
"""348""";"""642""";35662761
"""32""";"""76""";36070395
"""300""";"""251""";36129599
"""724""";"""208""";36197269
"""251""";"""579""";36209120
"""410""";"""104""";36284939
"""704""";"""616""";36480788
"""381""";"""70""";36508385
"""344""";"""246""";36528568
"""804""";"""348""";36682596
"""699""";"""31""";36694679
"""704""";"""458""";36838305
"""792""";"""344""";36855642
"""76""";"""600""";37003664
"""116""";"""484""";37004316
"""144""";"""344""";37020352
"""381""";"""446""";37020405
"""724""";"""804""";37022529
"""360""";"""484""";37122435
"""276""";"""100""";37216210
"""604""";"""152""";37563759
"""156""";"""100""";37636260
"""458""";"""784""";37707750
"""710""";"""748""";37743844
"""276""";"""688""";37753274
"""699""";"""410""";37788412
"""116""";"""344""";37790779
"""704""";"""702""";37886742
"""56""";"""757""";38219960
"""699""";"""834""";38223875
"""360""";"""682""";38410698
"""360""";"""490""";38470084
"""276""";"""233""";38479446
"""842""";"""188""";38594013
"""56""";"""100""";38659151
"""144""";"""36""";38755937
"""410""";"""490""";38959652
"""392""";"""410""";39021715
"""372""";"""276""";39260104
"""381""";"""634""";39285779
"""381""";"""233""";39363887
"""757""";"""344""";39527274
"""428""";"""643""";39598744
"""156""";"""531""";39802301
"""724""";"""764""";39806338
"""699""";"""40""";39825977
"""764""";"""490""";39860370
"""792""";"""440""";39898628
"""528""";"""579""";40042425
"""40""";"""724""";40160135
"""642""";"""842""";40463526
"""348""";"""757""";40764645
"""792""";"""422""";40857612
"""276""";"""428""";40872561
"""40""";"""528""";41002858
"""251""";"""36""";41100111
"""372""";"""724""";41311885
"""428""";"""208""";41368441
"""100""";"""528""";41370642
"""699""";"""620""";41584039
"""826""";"""156""";41596956
"""116""";"""643""";41697028
"""484""";"""591""";41704785
"""100""";"""792""";41749304
"""268""";"""792""";41854546
"""702""";"""826""";41875624
"""752""";"""251""";41885165
"""792""";"""268""";42199935
"""616""";"""208""";42275544
"""842""";"""862""";42324219
"""360""";"""344""";42492914
"""246""";"""233""";42536731
"""807""";"""528""";42682776
"""156""";"""233""";42880202
"""410""";"""251""";43006468
"""300""";"""826""";43018634
"""233""";"""428""";43040356
"""251""";"""804""";43043655
"""724""";"""634""";43095441
"""156""";"""800""";43137997
"""642""";"""528""";43196313
"""440""";"""579""";43463178
"""144""";"""392""";43573484
"""251""";"""490""";43613798
"""170""";"""604""";43620619
"""100""";"""56""";43623172
"""764""";"""458""";43650028
"""144""";"""699""";43859860
"""699""";"""579""";43887714
"""842""";"""170""";43963952
"""360""";"""76""";43969053
"""56""";"""246""";44037476
"""702""";"""764""";44065664
"""450""";"""710""";44103355
"""792""";"""400""";44175001
"""504""";"""842""";44279936
"""344""";"""699""";44295925
"""842""";"""251""";44312664
"""300""";"""381""";44398602
"""458""";"""410""";44409785
"""608""";"""124""";44569036
"""344""";"""50""";44585899
"""156""";"""508""";44641288
"""757""";"""826""";44742533
"""156""";"""450""";44786929
"""620""";"""757""";45187157
"""458""";"""484""";45339799
"""70""";"""381""";45363079
"""251""";"""372""";45696157
"""156""";"""268""";46007615
"""144""";"""76""";46061794
"""242""";"""36""";46104378
"""203""";"""826""";46452326
"""826""";"""246""";46525869
"""458""";"""344""";47053685
"""826""";"""124""";47152067
"""842""";"""152""";47211360
"""458""";"""764""";47280218
"""458""";"""704""";47399273
"""842""";"""682""";47436836
"""642""";"""56""";47498903
"""608""";"""410""";47543516
"""699""";"""376""";47671252
"""440""";"""208""";48074589
"""381""";"""440""";48414100
"""792""";"""156""";48753928
"""214""";"""332""";49001266
"""392""";"""490""";49142916
"""360""";"""643""";49667340
"""792""";"""372""";49797205
"""116""";"""36""";49810447
"""348""";"""251""";50088847
"""764""";"""410""";50106747
"""40""";"""203""";50401388
"""458""";"""643""";50418768
"""724""";"""124""";50600097
"""642""";"""348""";50742900
"""344""";"""376""";50891039
"""792""";"""246""";51274292
"""826""";"""620""";51582254
"""724""";"""360""";51642029
"""48""";"""842""";51672232
"""410""";"""344""";51838617
"""699""";"""531""";52165798
"""144""";"""784""";52292270
"""705""";"""40""";52433085
"""348""";"""381""";52568016
"""251""";"""642""";52607532
"""208""";"""616""";52641730
"""724""";"""410""";52668544
"""40""";"""842""";52863642
"""704""";"""784""";52968680
"""100""";"""40""";53018173
"""381""";"""372""";53431497
"""276""";"""784""";53716675
"""764""";"""702""";53766838
"""344""";"""76""";54017529
"""752""";"""528""";54079221
"""156""";"""320""";54227127
"""246""";"""276""";54355358
"""710""";"""426""";54414766
"""826""";"""196""";54858403
"""724""";"""422""";54966684
"""792""";"""688""";55098041
"""56""";"""348""";55225338
"""251""";"""12""";55889484
"""807""";"""300""";55947156
"""56""";"""372""";56347694
"""156""";"""214""";56587451
"""528""";"""792""";56802345
"""344""";"""591""";56921782
"""724""";"""702""";57005985
"""704""";"""76""";57333369
"""699""";"""372""";57401701
"""616""";"""428""";57504420
"""724""";"""196""";57535988
"""233""";"""752""";57603149
"""48""";"""682""";57633440
"""792""";"""788""";57779015
"""251""";"""792""";57898595
"""246""";"""752""";58189158
"""528""";"""300""";58280227
"""699""";"""480""";58298408
"""203""";"""40""";58383622
"""124""";"""528""";58416889
"""40""";"""826""";59219110
"""156""";"""218""";59270710
"""440""";"""752""";59306918
"""276""";"""440""";59508890
"""705""";"""276""";59521705
"""251""";"""348""";59558899
"""116""";"""410""";59642441
"""608""";"""276""";59768822
"""620""";"""40""";59858965
"""699""";"""792""";59882884
"""792""";"""124""";60070072
"""344""";"""152""";60723333
"""450""";"""276""";60879085
"""152""";"""600""";61013238
"""498""";"""826""";61052536
"""842""";"""56""";61609918
"""764""";"""344""";61749858
"""156""";"""324""";61772575
"""528""";"""620""";61780729
"""757""";"""251""";61979714
"""40""";"""191""";61989392
"""208""";"""372""";62117278
"""579""";"""752""";62541235
"""392""";"""842""";63407059
"""156""";"""478""";63585741
"""842""";"""156""";63682669
"""764""";"""381""";63852736
"""699""";"""702""";64127319
"""699""";"""887""";64167242
"""300""";"""196""";64450630
"""428""";"""440""";64533695
"""702""";"""76""";64538158
"""699""";"""729""";64580342
"""344""";"""704""";64891673
"""764""";"""784""";64945536
"""40""";"""208""";65314410
"""842""";"""381""";65364449
"""428""";"""233""";65401240
"""360""";"""702""";65495058
"""381""";"""31""";65619106
"""642""";"""40""";65633171
"""170""";"""484""";66094770
"""381""";"""246""";66289067
"""620""";"""208""";66414351
"""144""";"""528""";66493571
"""381""";"""414""";66493729
"""381""";"""196""";66837359
"""156""";"""686""";67032875
"""40""";"""643""";67205242
"""699""";"""246""";67245415
"""392""";"""156""";67332253
"""826""";"""757""";67471945
"""344""";"""116""";67639338
"""440""";"""826""";67647339
"""56""";"""203""";68132138
"""100""";"""724""";68267672
"""251""";"""124""";68472423
"""724""";"""752""";68768719
"""703""";"""381""";68910262
"""699""";"""156""";68991499
"""56""";"""300""";69131791
"""724""";"""76""";69401206
"""764""";"""156""";69617319
"""699""";"""144""";69745909
"""381""";"""376""";69948248
"""818""";"""724""";70011001
"""251""";"""208""";70073957
"""826""";"""702""";70521045
"""458""";"""724""";70711951
"""724""";"""170""";70845600
"""699""";"""4""";70899500
"""381""";"""702""";71062579
"""724""";"""20""";71098935
"""620""";"""842""";71397700
"""620""";"""24""";71753443
"""724""";"""414""";71797869
"""528""";"""643""";72094280
"""381""";"""428""";72377428
"""344""";"""710""";72438291
"""276""";"""398""";72463724
"""616""";"""56""";72665585
"""703""";"""40""";72677302
"""251""";"""422""";72843729
"""276""";"""392""";73008040
"""764""";"""124""";73383762
"""156""";"""388""";73493872
"""699""";"""398""";73520880
"""586""";"""752""";73564509
"""484""";"""124""";73600671
"""170""";"""862""";73647823
"""156""";"""340""";74262375
"""116""";"""156""";74382724
"""528""";"""203""";74622412
"""458""";"""792""";74711152
"""699""";"""757""";74928213
"""643""";"""112""";75225280
"""842""";"""591""";75326188
"""620""";"""752""";75346243
"""344""";"""40""";75418721
"""792""";"""417""";75742505
"""842""";"""214""";75945473
"""504""";"""40""";76332170
"""156""";"""104""";76738626
"""704""";"""752""";76757192
"""381""";"""705""";76888743
"""116""";"""616""";76945262
"""56""";"""620""";77727706
"""620""";"""56""";77867049
"""702""";"""784""";78216642
"""276""";"""300""";78280941
"""792""";"""300""";78441062
"""616""";"""703""";78513400
"""616""";"""381""";78553430
"""203""";"""251""";78762228
"""616""";"""642""";78895719
"""56""";"""208""";78917666
"""276""";"""442""";79066123
"""699""";"""414""";79369917
"""604""";"""76""";79486462
"""616""";"""251""";79514354
"""724""";"""203""";79851614
"""757""";"""156""";80015650
"""757""";"""842""";80540232
"""724""";"""348""";80568311
"""826""";"""40""";80713298
"""276""";"""36""";80772798
"""792""";"""100""";80785853
"""616""";"""246""";81115469
"""251""";"""442""";81276868
"""116""";"""251""";81311209
"""251""";"""504""";81755002
"""804""";"""643""";81863314
"""360""";"""724""";82183106
"""764""";"""36""";82309100
"""764""";"""528""";82585908
"""616""";"""440""";82677428
"""208""";"""40""";82841878
"""344""";"""682""";82923815
"""344""";"""360""";83129677
"""724""";"""344""";83298776
"""616""";"""348""";83485372
"""586""";"""784""";83599742
"""792""";"""579""";83788444
"""40""";"""381""";83801197
"""170""";"""218""";84048409
"""381""";"""703""";84478561
"""392""";"""344""";84594758
"""233""";"""246""";84691641
"""699""";"""591""";84866601
"""208""";"""757""";85175404
"""251""";"""788""";85261605
"""144""";"""124""";85432824
"""528""";"""757""";85614341
"""458""";"""156""";85650755
"""381""";"""36""";86385742
"""792""";"""398""";86662191
"""704""";"""484""";87297317
"""458""";"""36""";87450996
"""156""";"""120""";87625139
"""344""";"""608""";87625561
"""156""";"""634""";87675574
"""458""";"""528""";87721202
"""276""";"""620""";88259168
"""40""";"""705""";88502780
"""276""";"""124""";88557563
"""70""";"""276""";88635212
"""381""";"""348""";88809089
"""100""";"""826""";88927051
"""616""";"""826""";88937164
"""704""";"""36""";88970784
"""251""";"""682""";88987509
"""381""";"""422""";89324095
"""699""";"""344""";89843461
"""276""";"""642""";89886405
"""699""";"""152""";90044276
"""344""";"""554""";90480467
"""251""";"""702""";90488020
"""826""";"""682""";90696875
"""504""";"""381""";90722293
"""251""";"""300""";91120243
"""251""";"""203""";91206510
"""704""";"""208""";91561389
"""344""";"""458""";91940240
"""376""";"""842""";92622000
"""792""";"""233""";92750711
"""528""";"""246""";93614885
"""699""";"""643""";94609444
"""752""";"""616""";94805973
"""764""";"""724""";94939613
"""156""";"""834""";95513675
"""276""";"""372""";95550443
"""498""";"""381""";95888453
"""792""";"""818""";95908122
"""40""";"""757""";96130225
"""156""";"""144""";96692147
"""842""";"""784""";98617126
"""381""";"""490""";98680729
"""710""";"""72""";98699400
"""842""";"""344""";99070814
"""410""";"""360""";99592306
"""381""";"""484""";99755866
"""504""";"""620""";99828712
"""528""";"""372""";100080137
"""381""";"""579""";100654858
"""842""";"""222""";101211719
"""417""";"""398""";101293265
"""381""";"""100""";101320742
"""724""";"""376""";101693153
"""344""";"""764""";102279781
"""458""";"""124""";102367428
"""156""";"""440""";102530775
"""276""";"""191""";102654364
"""826""";"""300""";102695569
"""156""";"""428""";102765119
"""300""";"""100""";103127977
"""792""";"""203""";103461159
"""586""";"""124""";103575123
"""764""";"""826""";104683526
"""360""";"""458""";105158137
"""56""";"""40""";105298144
"""699""";"""566""";105399330
"""40""";"""642""";105504242
"""842""";"""276""";105853575
"""842""";"""528""";106538604
"""251""";"""752""";106966548
"""842""";"""340""";108037615
"""458""";"""381""";108263681
"""842""";"""36""";108691566
"""360""";"""381""";108758047
"""188""";"""842""";109162645
"""40""";"""616""";109208537
"""458""";"""702""";110005216
"""360""";"""251""";110410943
"""458""";"""251""";110739410
"""818""";"""276""";111183309
"""208""";"""381""";112390508
"""724""";"""757""";112883237
"""344""";"""484""";113107297
"""360""";"""36""";113329458
"""792""";"""434""";113451915
"""381""";"""788""";113474354
"""344""";"""757""";113624263
"""480""";"""251""";114042389
"""792""";"""40""";114218743
"""699""";"""458""";114266898
"""152""";"""604""";114493161
"""348""";"""40""";114665996
"""826""";"""616""";114755870
"""792""";"""757""";115182539
"""251""";"""410""";115460674
"""699""";"""616""";115563314
"""156""";"""191""";116018337
"""724""";"""642""";116248717
"""276""";"""792""";116349196
"""724""";"""504""";116627601
"""156""";"""512""";116683027
"""276""";"""344""";116703735
"""144""";"""251""";117061349
"""381""";"""682""";117078170
"""56""";"""752""";117885207
"""586""";"""381""";118379467
"""826""";"""392""";118538304
"""156""";"""408""";118572669
"""203""";"""381""";118979728
"""381""";"""688""";119407210
"""688""";"""276""";119981800
"""156""";"""262""";120089285
"""360""";"""156""";120135918
"""788""";"""724""";120597397
"""826""";"""203""";121186332
"""818""";"""792""";121286763
"""116""";"""528""";121452361
"""842""";"""410""";121653906
"""704""";"""344""";122086354
"""156""";"""48""";122789605
"""724""";"""372""";123377422
"""620""";"""528""";123538773
"""826""";"""208""";124254880
"""300""";"""643""";124281216
"""116""";"""381""";124375523
"""826""";"""792""";125019863
"""56""";"""442""";125063524
"""643""";"""398""";125403360
"""792""";"""703""";125570319
"""156""";"""446""";125617993
"""191""";"""276""";127147724
"""300""";"""784""";127366808
"""642""";"""724""";127599905
"""826""";"""344""";128039334
"""788""";"""826""";129185592
"""699""";"""512""";130332621
"""36""";"""554""";130345340
"""344""";"""579""";130809482
"""116""";"""56""";131062582
"""276""";"""705""";131240884
"""764""";"""251""";132003400
"""251""";"""40""";132394074
"""156""";"""204""";132657384
"""699""";"""710""";132856187
"""616""";"""40""";133212358
"""704""";"""643""";133877770
"""688""";"""643""";133996818
"""40""";"""348""";135415850
"""620""";"""381""";135734010
"""381""";"""8""";136102403
"""792""";"""784""";136660788
"""156""";"""40""";137577490
"""440""";"""276""";137944290
"""528""";"""208""";138798952
"""156""";"""348""";138835233
"""724""";"""40""";138848629
"""156""";"""116""";139184375
"""792""";"""12""";139651418
"""381""";"""398""";140204666
"""699""";"""36""";140338466
"""203""";"""616""";140869250
"""276""";"""804""";141012040
"""818""";"""826""";142097451
"""251""";"""784""";142682670
"""156""";"""705""";142867200
"""56""";"""616""";143979991
"""208""";"""56""";144155933
"""372""";"""826""";144215315
"""156""";"""642""";145180189
"""208""";"""724""";145328828
"""360""";"""528""";146040423
"""208""";"""251""";147529620
"""344""";"""643""";147866578
"""276""";"""156""";148674220
"""699""";"""484""";149910484
"""764""";"""56""";152267014
"""704""";"""381""";153229726
"""156""";"""729""";153697765
"""360""";"""56""";153803982
"""458""";"""56""";154113829
"""344""";"""56""";154897108
"""616""";"""643""";156086949
"""152""";"""68""";156434381
"""724""";"""392""";156598312
"""276""";"""579""";156891045
"""480""";"""710""";158649491
"""246""";"""643""";158793845
"""616""";"""752""";159087135
"""704""";"""56""";159281641
"""156""";"""96""";161054276
"""381""";"""203""";163660053
"""360""";"""784""";163722745
"""381""";"""191""";164365585
"""788""";"""528""";165099901
"""757""";"""381""";165650619
"""792""";"""376""";166469978
"""710""";"""516""";167114448
"""360""";"""124""";167470222
"""144""";"""56""";168047475
"""156""";"""288""";168070682
"""699""";"""752""";168462945
"""156""";"""24""";168670185
"""703""";"""348""";170414018
"""703""";"""276""";171606444
"""504""";"""276""";171652299
"""450""";"""251""";173801748
"""586""";"""251""";174734219
"""608""";"""392""";175149925
"""688""";"""381""";176635376
"""792""";"""838""";177002817
"""826""";"""752""";178059982
"""116""";"""724""";178169622
"""156""";"""768""";178306549
"""788""";"""56""";179034353
"""458""";"""826""";182035932
"""480""";"""842""";182433513
"""100""";"""251""";182788157
"""458""";"""76""";183811304
"""480""";"""826""";184763310
"""826""";"""36""";186394735
"""276""";"""842""";187239570
"""251""";"""616""";187276491
"""344""";"""208""";188203037
"""156""";"""404""";188266605
"""724""";"""784""";189415099
"""381""";"""124""";190982760
"""156""";"""586""";191580862
"""804""";"""276""";191653140
"""704""";"""490""";192689682
"""704""";"""251""";194743748
"""826""";"""784""";195913268
"""56""";"""792""";196487740
"""616""";"""203""";196505127
"""276""";"""348""";196522891
"""724""";"""842""";197901890
"""381""";"""208""";198378968
"""554""";"""36""";198743859
"""724""";"""682""";198820577
"""504""";"""826""";200317078
"""40""";"""251""";201100672
"""222""";"""340""";201585186
"""702""";"""360""";202978889
"""699""";"""76""";203079077
"""752""";"""276""";203792840
"""170""";"""842""";206044844
"""752""";"""826""";206153738
"""276""";"""246""";208579913
"""203""";"""703""";209795689
"""616""";"""804""";210636848
"""100""";"""300""";212014342
"""381""";"""752""";213352163
"""251""";"""620""";216292769
"""208""";"""826""";217693395
"""792""";"""682""";218499920
"""344""";"""784""";220657247
"""300""";"""276""";221044442
"""156""";"""300""";221519222
"""586""";"""56""";223421069
"""528""";"""752""";223770416
"""156""";"""31""";226533193
"""144""";"""276""";227486216
"""116""";"""392""";227638989
"""702""";"""458""";229842743
"""699""";"""392""";232333765
"""764""";"""276""";232722338
"""528""";"""616""";232802237
"""156""";"""422""";233359315
"""381""";"""620""";234904429
"""381""";"""792""";236229248
"""156""";"""858""";237558973
"""381""";"""616""";239782664
"""156""";"""620""";240227525
"""251""";"""156""";240434176
"""156""";"""372""";241801028
"""348""";"""276""";242648832
"""792""";"""642""";243142124
"""233""";"""643""";243507860
"""826""";"""643""";243936311
"""156""";"""504""";246090752
"""792""";"""842""";246937620
"""251""";"""643""";248208982
"""208""";"""246""";249058464
"""826""";"""56""";251031506
"""381""";"""784""";251507292
"""703""";"""203""";252328059
"""156""";"""32""";253764697
"""586""";"""528""";254320543
"""752""";"""208""";255654891
"""704""";"""528""";258074639
"""404""";"""842""";258197013
"""528""";"""40""";260617506
"""724""";"""156""";260848808
"""702""";"""842""";262454061
"""826""";"""724""";266107797
"""156""";"""364""";270029707
"""616""";"""528""";271522781
"""156""";"""203""";272558775
"""724""";"""792""";272833339
"""8""";"""381""";272942325
"""156""";"""50""";273451168
"""344""";"""752""";274847675
"""792""";"""752""";275947976
"""360""";"""410""";277890998
"""724""";"""616""";278769532
"""381""";"""642""";279015448
"""699""";"""124""";284243313
"""724""";"""528""";286153257
"""276""";"""752""";286296801
"""156""";"""170""";287724627
"""360""";"""826""";288122116
"""344""";"""446""";292349856
"""381""";"""804""";293640937
"""792""";"""804""";293906404
"""458""";"""392""";297107409
"""156""";"""887""";297491727
"""251""";"""528""";297639516
"""699""";"""208""";299669772
"""344""";"""702""";300815916
"""724""";"""643""";301702063
"""191""";"""381""";302990258
"""724""";"""300""";303069983
"""156""";"""862""";303549363
"""826""";"""528""";303978268
"""156""";"""414""";305014009
"""792""";"""616""";305987638
"""410""";"""842""";306684385
"""410""";"""704""";309082619
"""703""";"""616""";309960327
"""752""";"""579""";313565753
"""704""";"""156""";314813354
"""156""";"""703""";316710099
"""276""";"""208""";319577042
"""344""";"""724""";320896925
"""458""";"""276""";321116578
"""620""";"""276""";321840567
"""381""";"""300""";322100424
"""586""";"""724""";323739678
"""604""";"""862""";323998414
"""842""";"""392""";326916060
"""344""";"""490""";327685369
"""724""";"""484""";329275521
"""699""";"""682""";339614489
"""156""";"""400""";340199362
"""699""";"""56""";343453412
"""842""";"""826""";346373836
"""208""";"""528""";352792595
"""620""";"""826""";355743208
"""440""";"""643""";357851145
"""156""";"""470""";359149534
"""788""";"""276""";363223482
"""100""";"""381""";366719558
"""251""";"""392""";370478827
"""276""";"""203""";374964697
"""528""";"""724""";381963687
"""156""";"""604""";383059071
"""792""";"""56""";384523000
"""724""";"""56""";387464220
"""381""";"""410""";392802919
"""704""";"""124""";393373208
"""807""";"""276""";395497815
"""792""";"""643""";397155878
"""410""";"""156""";398159514
"""344""";"""410""";398712865
"""203""";"""276""";400546207
"""826""";"""381""";400904211
"""156""";"""757""";401125833
"""642""";"""251""";404896516
"""410""";"""392""";408696532
"""144""";"""381""";416910272
"""156""";"""434""";420344941
"""116""";"""276""";426984958
"""156""";"""566""";429292070
"""156""";"""762""";435900861
"""586""";"""276""";441946377
"""116""";"""124""";444651022
"""208""";"""579""";446194181
"""156""";"""12""";455726685
"""251""";"""757""";467258891
"""826""";"""842""";473141775
"""704""";"""826""";475604637
"""112""";"""643""";476571900
"""156""";"""579""";488651429
"""792""";"""208""";488880925
"""100""";"""276""";489908602
"""764""";"""392""";499159855
"""276""";"""703""";500022790
"""214""";"""842""";504189706
"""752""";"""246""";505500975
"""642""";"""826""";507212310
"""381""";"""40""";510417123
"""792""";"""368""";518428288
"""620""";"""251""";526428512
"""156""";"""246""";526903293
"""699""";"""528""";530168293
"""704""";"""724""";533354686
"""251""";"""344""";536113915
"""156""";"""496""";537560914
"""56""";"""724""";539095454
"""116""";"""826""";542558929
"""360""";"""276""";544405970
"""528""";"""381""";546096535
"""344""";"""528""";553967079
"""208""";"""752""";554289374
"""381""";"""56""";570745709
"""156""";"""792""";574252042
"""156""";"""764""";580669576
"""724""";"""826""";581560517
"""586""";"""826""";587225044
"""251""";"""842""";589064247
"""156""";"""554""";591727452
"""699""";"""381""";594390036
"""344""";"""381""";602897818
"""381""";"""156""";606670972
"""757""";"""276""";613893411
"""604""";"""842""";628933462
"""792""";"""381""";634801349
"""344""";"""36""";636070776
"""276""";"""724""";644536678
"""360""";"""392""";646381009
"""704""";"""276""";652479676
"""344""";"""251""";681820824
"""156""";"""490""";687463442
"""642""";"""276""";688131923
"""818""";"""842""";691484105
"""381""";"""528""";702618031
"""156""";"""368""";713341912
"""56""";"""381""";729781898
"""344""";"""124""";736054520
"""724""";"""276""";742801490
"""699""";"""724""";743165632
"""788""";"""381""";764327526
"""56""";"""826""";781290922
"""792""";"""528""";794844969
"""156""";"""804""";795499977
"""826""";"""251""";799376544
"""276""";"""381""";818433985
"""276""";"""826""";826598848
"""156""";"""699""";845079556
"""40""";"""276""";849703985
"""251""";"""826""";855550628
"""276""";"""616""";884981831
"""144""";"""826""";911687302
"""699""";"""251""";930700214
"""608""";"""842""";934454123
"""788""";"""251""";944338579
"""842""";"""484""";945166579
"""792""";"""251""";962873361
"""528""";"""826""";977046004
"""251""";"""56""";988983163
"""528""";"""251""";1001420369
"""504""";"""251""";1006365401
"""124""";"""842""";1008182045
"""528""";"""56""";1017521977
"""56""";"""276""";1042207611
"""56""";"""528""";1049763462
"""400""";"""842""";1054006700
"""276""";"""56""";1059856011
"""381""";"""392""";1068002867
"""156""";"""608""";1072297305
"""156""";"""484""";1086594892
"""208""";"""276""";1088530120
"""156""";"""616""";1105638462
"""156""";"""752""";1129819513
"""642""";"""381""";1137196633
"""156""";"""376""";1146463419
"""724""";"""381""";1176517421
"""251""";"""724""";1182959756
"""826""";"""372""";1197621998
"""320""";"""842""";1202429928
"""724""";"""620""";1205469587
"""276""";"""643""";1207986668
"""381""";"""724""";1208273346
"""558""";"""842""";1209644582
"""381""";"""344""";1215571520
"""251""";"""276""";1226845526
"""344""";"""156""";1237032146
"""156""";"""208""";1264591271
"""156""";"""818""";1284153786
"""620""";"""724""";1299161302
"""156""";"""360""";1303098362
"""251""";"""381""";1309586663
"""504""";"""724""";1339015068
"""826""";"""276""";1361150354
"""156""";"""524""";1384094368
"""699""";"""276""";1456121001
"""792""";"""724""";1461787456
"""344""";"""826""";1497553053
"""381""";"""826""";1510416115
"""704""";"""410""";1562423340
"""344""";"""276""";1569059912
"""156""";"""591""";1585256535
"""764""";"""842""";1616658493
"""458""";"""842""";1651745565
"""586""";"""842""";1666586536
"""156""";"""702""";1694261685
"""156""";"""56""";1698861615
"""381""";"""842""";1723763705
"""156""";"""76""";1745774696
"""381""";"""643""";1748079690
"""156""";"""417""";1750258525
"""616""";"""276""";1750401105
"""344""";"""392""";1757903861
"""222""";"""842""";1784126932
"""699""";"""826""";1789754904
"""381""";"""757""";1801704587
"""699""";"""784""";1835527299
"""144""";"""842""";1886692777
"""724""";"""251""";1912651200
"""156""";"""710""";1926151450
"""276""";"""251""";1948250189
"""116""";"""842""";2020196456
"""276""";"""528""";2039776464
"""842""";"""124""";2056698991
"""792""";"""826""";2075180867
"""276""";"""757""";2106469704
"""156""";"""682""";2146119324
"""381""";"""276""";2197365603
"""704""";"""392""";2220954425
"""156""";"""152""";2461492100
"""381""";"""251""";2859534723
"""276""";"""40""";2884354279
"""528""";"""276""";3030073457
"""792""";"""276""";3173171612
"""156""";"""124""";3191219360
"""156""";"""381""";3213503587
"""156""";"""398""";3245613531
"""156""";"""458""";3496267165
"""56""";"""251""";3530668883
"""156""";"""724""";3738003752
"""699""";"""842""";3809736120
"""156""";"""36""";3850150065
"""156""";"""528""";3883950878
"""360""";"""842""";3937266068
"""156""";"""410""";4004257879
"""484""";"""842""";4243067501
"""156""";"""784""";4723539979
"""156""";"""251""";4781144528
"""156""";"""704""";5675533027
"""156""";"""826""";7722158425
"""344""";"""842""";8060308742
"""156""";"""276""";8292067662
"""704""";"""842""";8704410672
"""156""";"""643""";9328417689
"""156""";"""344""";10727708518
"""156""";"""392""";22107319512
"""156""";"""842""";30988641535
